#[1]   PG_main.asm
    4                     
#[2]   defDebug.h
    5                             .INCLUDE        "defDebug.h"
    1                     
    2                     ;==========================================================
    3                     ; デバッグコントロール定義
    4                     ;==========================================================
    5                     ; デバッグビルドコントロール
    6           0000      DEBUG_BUILD EQU  0
    7                     
#[1]   PG_main.asm
    6                     
    7                             .inesprg 4                  ; プログラムバンク数
    8                             .ineschr 0                  ; CHR バンク数
    9                             .inesmir 1              ; 垂直ミラーリング
   10                             .inesmap 0                              ; mapper #0
   11                     
   12                     
   13           0001      PG_MAIN EQU 1
   14                     
   15           ED00      ROM_NMI_ENTRY   EQU $ED00
   16           EE80      ROM_IRQ_ENTRY   EQU $EE80
   17                     
   18                     
   19                     
   20                     ;----------------------------------------------
   21                     ;
   22                     ; ファミコンからPICO　コマンド
   23                     ;
   24                     ;----------------------------------------------
   25           000F      FP_COM_ACK      = $0F           ; PICOからのコマンド正常終了応答
   26           001F      FP_COM_NAK      = $1F           ; PICOからのコマンド失敗終了応答
   27           002F      FP_COM_VER      = $2F           ; BIOS-ROMのバージョン取得：0x0FバイトのROMバージョン文字列
   28           003F      FP_COM_ROM      = $3F           ; BIOS-ROMのROMデータ要求コマンド： FP_COM_ROM,アドレスH : 0x100分のROMデータ読み出す
   29                     
   30           00BF      FP_COM_LOG      = $BF           ; ログ
   31           00CF      FP_COM_DRQ      = $CF           ; データリクエスト
   32           00DF      FP_COM_DLD      = $DF           ; データロード
   33           00EF      FP_COM_RST      = $EF           ; PICOリスタート
   34           00FF      FP_COM_INI      = $FF           ; PICO初期化
   35                     
   36                     
   37                     
   38                     ;----------------------------------------------
   39                     ;
   40                     ; その他
   41                     ;
   42                     ;----------------------------------------------
   43           00F0      SP_CLR_Y        EQU 240         ; スプライトクリアーY
   44                     
   45                     
   46                     
#[2]   SysEqu.h
   47                             .INCLUDE        "SysEqu.h"
    1                     ;========================================
    2                     ;
    3                     ; BOOTROM固定領域用ワーク
    4                     ;
    5                     ; ・キー入力関連以外は起動後は破壊してよい
    6                     ;
    7                     ; ・BOOTROM固定領域内のキー入力処理を使わずに
    8                     ;   別途キー入力チェック処理を用意する場合はすべて破壊しても良い
    9                     ; 
   10                     ;========================================
   11                     
   12           0000      W_AR            EQU     $00     ; 16 bit 計算用  2 bytes
   13           0002      W_BR            EQU     $02     ; 16 bit 計算用  2 bytes
   14                     
   15           0004      TMP_SVA         EQU     $04     ; 汎用 A レジスタ保存用アドレス
   16           0005      TMP_SVX         EQU     $05     ; 汎用 X レジスタ保存用アドレス
   17           0006      TMP_SVY         EQU     $06     ; 汎用 Y レジスタ保存用アドレス
   18           0007      TMP_LOOP_CNT    EQU     $07     ; 汎用ループカウンタ
   19                     
   20           0008      SRC_ADR         EQU     $08     ; 汎用ソースアドレス  2 bytes
   21           000A      DST_ADR         EQU     $0A     ; 汎用デスティネーションアドレス  2 bytes
   22                     
   23           000C      TMP_SYS         EQU     $0C             ;システムで使うTMP
   24           000D      TMP_SYS2        EQU     $0D             ;システムで使うTMP
   25                     
   26                     
   27                     ; 起動時RAMチェック
   28           0025      RAM_PAGE        EQU  $25
   29           0026      MEM_DISP        EQU  $26
   30                     
   31                     
   32           0051      PICO_MODE       EQU  $51                ; PICOの動作モード
   33                     
   34                     
   35                     ;----------------
   36                     ; キー関連
   37                     ;----------------
   38                     
   39           0082      KEY_REL         EQU     $82     ;
   40           0083      KEY_TRG         EQU     $83     ;
   41           0084      KEY_OLD         EQU     $84     ;
   42           0085      KEY_NEW         EQU     $85     ;
   43           000C      KEY_CH1         EQU     TMP_SYS
   44           000D      KEY_CH3         EQU     TMP_SYS2
   45                     
   46           008A      REP_KEY         EQU     $8A     ; リピート用のキー
   47           008B      REP_NEW         EQU     $8B     ; リピートによる押下状態
   48           008C      REP_CNT         EQU     $8C     ; ウェイト、インターバルのカウンタ
   49                     
   50                     
   51                     
   52                     
   53                     ;----------------
   54                     ; システム関連
   55                     ;----------------
   56           00B0      FLG_2000        EQU     $B0
   57           00B1      FLG_2001        EQU     $B1
   58                     ;BG_SCR_Y       EQU     $B2
   59                     
   60           00B3      NMI_FLG         EQU     $B3
   61                     
   62                     
   63                     
   64           0400      PICO_DATA_BUF  EQU      $400    ; PICO のデータ読み込みバッファ
   65           0400      FLASH_DEBUG_BUF  EQU    $400    ; FLASHデバッグ用バッファ
   66           0400      FLASH_SAVE_BUF   EQU    $400    ; FLASHセーブ用バッファ
   67                     
   68           0500      FLASH_EXEC_BUF  EQU     $500    ; FLASHアクセスコード実行バッファ
   69                     
   70                     
   71                     
   72                     ;----------------
   73                     ; PPU
   74                     ;----------------
   75                     ; MMC3のIRQを使う場合は BG を$0000番地, Spr を$1000番地に配置しなければならない
   76           0088      FLG_PPU2000     EQU     %100_01_0_00
   77                                                     ; NMI gen,master,SP8x8,BG$0000,SP$0000,+1,v0,h0
   78                     
   79                     
   80           001E      FLG_PPU2001     EQU     %000_11_11_0
   81                     
   82                     
   83                     ;----------------
   84                     ; KEY BIT CODE
   85                     ;----------------
   86           0080      KEY_A           EQU     $80
   87           0040      KEY_B           EQU     $40
   88           0020      KEY_SEL         EQU     $20
   89           0010      KEY_RUN         EQU     $10
   90           0008      KEY_UP          EQU     $08
   91           0004      KEY_DOWN        EQU     $04
   92           0002      KEY_LEFT        EQU     $02
   93           0001      KEY_RIGHT       EQU     $01
   94                     
   95           00C0      KEY_AB          EQU     $C0
   96           00F0      KEY_ABRS        EQU     $F0
   97                     
   98                     
   99                     ;----------------
  100                     ; キーリピート設定
  101                     ;----------------
  102           0018      REP_WAIT        EQU     24      ; リピート開始までの時間 (フレーム数)
  103           0008      REP_INTERVAL    EQU      8      ; リピート間隔 (フレーム数)
  104                     
  105                     
#[1]   PG_main.asm
#[2]   macro.h
   48                             .INCLUDE        "macro.h"
    1                     ;******************************************************************************
    2                     ;       MOVE関係
    3                     ;******************************************************************************
    4                     LD_W MACRO
    5                             lda  \2
    6                             sta  \1
    7                             lda  \2+1
    8                             sta  \1+1
    9                             ENDM
   10                     
   11                     ;******************************************************************************
   12                     ;       算術関係
   13                     ;******************************************************************************
   14                     
   15                     ADD_W MACRO
   16                             clc
   17                             lda  \1
   18                             adc  \2
   19                             sta  \1
   20                             lda  \1+1
   21                             adc  \2+1
   22                             sta  \1+1
   23                             ENDM
   24                     
   25                     ;------------------------------------------------------------------------------
   26                     ;                               バイト足し演算
   27                     ;------------------------------------------------------------------------------
   28                     add     MACRO
   29                             clc
   30                             adc     \1
   31                             ENDM
   32                     ;------------------------------------------------------------------------------
   33                     ;                               バイト引き演算
   34                     ;------------------------------------------------------------------------------
   35                     sub     MACRO
   36                             sec
   37                             sbc     \1
   38                             ENDM
   39                     ;------------------------------------------------------------------------------
   40                     ;                               ワード足し演算
   41                     ;                               xy + \1\2 = xy
   42                     ;------------------------------------------------------------------------------
   43                     addw    MACRO
   44                             pha
   45                     
   46                             tya
   47                             add     \2
   48                             tay
   49                             bne     .byte_over\@
   50                             bcc     .byte_over\@
   51                     
   52                             sec
   53                     .byte_over\@:
   54                             txa
   55                             adc     \1
   56                             tax
   57                     
   58                             pla
   59                             ENDM
   60                     ;------------------------------------------------------------------------------
   61                     ;                               ワード引き演算
   62                     ;                               xy - \1\2 = xy
   63                     ;------------------------------------------------------------------------------
   64                     subw    MACRO
   65                             pha
   66                     
   67                             tya
   68                             sub     \2
   69                             tay
   70                     
   71                             txa
   72                             sbc     \1
   73                             tax
   74                     
   75                             pla
   76                             ENDM
   77                     
   78                     ;------------------------------------------------------------------------------
   79                     ;                               ワードインクリメント
   80                     ;                               \1\2 + 1 = \1\2
   81                     ;------------------------------------------------------------------------------
   82                     incw    MACRO
   83                             inc     \1
   84                             bne     .iend\@
   85                     
   86                             inc     \1 + 1
   87                     .iend\@:
   88                     
   89                             ENDM
   90                     
   91                     ;------------------------------------------------------------------------------
   92                     ;                               ワードデクリメント
   93                     ;                               \1\2 - 1 = \1\2
   94                     ;------------------------------------------------------------------------------
   95                     decw    MACRO
   96                             lda     \1
   97                             bne     .dend\@
   98                     
   99                             dec     \1 + 1
  100                     .dend\@:
  101                             dec     \1
  102                     
  103                             ENDM
  104                     
  105                     ;------------------------------------------------------------------------------
  106                     ;               擬似ワードレジスタ　AR に固定ワードセット
  107                     ;------------------------------------------------------------------------------
  108                     SET_AR  MACRO
  109                             LDA     \1 & $ff
  110                             STA     <W_AR
  111                             LDA     \1 >> 8
  112                             STA     <W_AR+1
  113                             ENDM
  114                     
  115                     ;------------------------------------------------------------------------------
  116                     ;               擬似ワードレジスタ　BR に固定ワードセット
  117                     ;------------------------------------------------------------------------------
  118                     SET_BR  MACRO
  119                             LDA     \1 & $ff
  120                             STA     <W_BR
  121                             LDA     \1 >> 8
  122                             STA     <W_BR+1
  123                             ENDM
  124                     
  125                     ;------------------------------------------------------------------------------
  126                     ;               擬似ワードレジスタ　AR にメモリー上のワード値セット
  127                     ;------------------------------------------------------------------------------
  128                     SET_AR_M        MACRO
  129                             LDA     \1
  130                             STA     <W_AR
  131                             LDA     \1+1
  132                             STA     <W_AR+1
  133                             ENDM
  134                     
  135                     ;------------------------------------------------------------------------------
  136                     ;               擬似ワードレジスタ　BR にメモリー上のワード値セット
  137                     ;------------------------------------------------------------------------------
  138                     SET_BR_M        MACRO
  139                             LDA     \1
  140                             STA     <W_BR
  141                             LDA     \1+1
  142                             STA     <W_BR+1
  143                             ENDM
  144                     
  145                     ;------------------------------------------------------------------------------
  146                     ;                               対象のメモリーのビットをセットする
  147                     ;                               対象メモリーアドレス = \1
  148                     ;                               セットするビット     = \2
  149                     ;------------------------------------------------------------------------------
  150                     SET_BIT         MACRO
  151                             LDA     \1
  152                             ORA     \2
  153                             STA     \1
  154                             ENDM
  155                     
  156                     ;------------------------------------------------------------------------------
  157                     ;                               対象のメモリーのビットをクリアーする
  158                     ;                               対象メモリーアドレス = \1
  159                     ;                               クリアーするビット   = \2
  160                     ;------------------------------------------------------------------------------
  161                     CLR_BIT         MACRO
  162                             LDA     \1
  163                             AND     $ff - \2
  164                             STA     \1
  165                             ENDM
  166                     
  167                     ;------------------------------------------------------------------------------
  168                     ;                               対象のメモリーのビットをチェックする
  169                     ;                               対象メモリーアドレス = \1
  170                     ;                               チェックするビット   = \2
  171                     ;------------------------------------------------------------------------------
  172                     CHK_BIT         MACRO
  173                             LDA     \1
  174                             AND     \2
  175                             ENDM
  176                     
  177                     
  178                     ;------------------------------------------------------------------------------
  179                     ;                               XYレジスタをスタックに退避
  180                     ;------------------------------------------------------------------------------
  181                     phxy            MACRO
  182                             sta  <TMP_SYS
  183                             txa
  184                             pha
  185                             tya
  186                             pha
  187                             lda  <TMP_SYS
  188                             ENDM
  189                     
  190                     ;------------------------------------------------------------------------------
  191                     ;                               XYレジスタをスタックから復帰
  192                     ;------------------------------------------------------------------------------
  193                     plxy            MACRO
  194                             sta  <TMP_SYS
  195                             pla
  196                             tay
  197                             pla
  198                             tax
  199                             lda  <TMP_SYS
  200                             ENDM
  201                     
  202                     ;------------------------------------------------------------------------------
  203                     ;                               SRC_ADRをスタックに退避
  204                     ;------------------------------------------------------------------------------
  205                     phSRC_ADR       MACRO
  206                             lda  <SRC_ADR+0
  207                             pha
  208                             lda  <SRC_ADR+1
  209                             pha
  210                             ENDM
  211                     
  212                     ;------------------------------------------------------------------------------
  213                     ;                               XYレジスタをスタックから復帰
  214                     ;------------------------------------------------------------------------------
  215                     plSRC_ADR       MACRO
  216                             pla
  217                             sta  <SRC_ADR+1
  218                             pla
  219                             sta  <SRC_ADR+0
  220                             ENDM
  221                     
  222                     ;******************************************************************************
  223                     ;       表示関係
  224                     ;******************************************************************************
  225                     ;       画面切り替え時にＩＲＱ割り込みラインでのノイズを対処すべく、
  226                     ;       表示on、表示offは、マクロ化しました。→DISP_ON, DISP_OFF
  227                     ;       それに伴い、NMI_FLGの操作も併せて、こちらに移動しました。
  228                     ;                                                       渡部
  229                     ;------------------------------------------------------------------------------
  230                     ;                               表示on
  231                     ;------------------------------------------------------------------------------
  232                     DISP_ON         MACRO
  233                             jsr  _disp_on_sub
  234                             ENDM
  235                     
  236                     ;------------------------------------------------------------------------------
  237                     ;                               表示on NO SP
  238                     ;------------------------------------------------------------------------------
  239                     DISP_ON_NSP             MACRO
  240                             jsr  _disp_on_sub2
  241                             ENDM
  242                     
  243                     ;------------------------------------------------------------------------------
  244                     ;                               表示off
  245                     ;------------------------------------------------------------------------------
  246                     DISP_OFF        MACRO
  247                             jsr  _disp_off_sub
  248                             ENDM
  249                     
  250                     ;------------------------------------------------------------------------------
  251                     ;                               VRAMアドレスセット
  252                     ;                               VRAMアドレス = \1(16bit adr)
  253                     ;------------------------------------------------------------------------------
  254                     SET_VRAM_ADD2   MACRO
  255                             lda #HIGH (\1)
  256                         sta $2006
  257                             lda #LOW  (\1)
  258                             sta $2006
  259                             ENDM
  260                     
  261                     ;------------------------------------------------------------------------------
  262                     ;                               VRAMアドレスセット
  263                     ;                               VRAMアドレス = \1(16bit adr)
  264                     ;                               加算値 = \2
  265                     ;------------------------------------------------------------------------------
  266                     SET_VRAM_ADD3   MACRO
  267                             clc
  268                             lda #LOW  (\1)
  269                             adc  \2
  270                             pha
  271                             lda #HIGH (\1)
  272                             adc #0
  273                         sta $2006
  274                             pla
  275                             sta $2006
  276                             ENDM
  277                     
  278                     ;------------------------------------------------------------------------------
  279                     ;                               VRAMアドレスセット
  280                     ;                               VRAMアドレス = \1(16bit adr)
  281                     ;                               加算値 = \2
  282                     ;------------------------------------------------------------------------------
  283                     SET_VRAM_ADD4   MACRO
  284                             clc
  285                             lda #LOW  (\1)
  286                             adc  \2
  287                             pha
  288                             lda #HIGH (\1)
  289                             adc \2 +1
  290                         sta $2006
  291                             pla
  292                             sta $2006
  293                             ENDM
  294                     
  295                     ;------------------------------------------------------------------------------
  296                     ;                               VRAMアドレスセット
  297                     ;                               VRAMアドレス = \1(16bit adr)
  298                     ;------------------------------------------------------------------------------
  299                     SET_VRAM_LOC    MACRO
  300                             lda #HIGH (\1)
  301                         sta <TMP_ADR0+1
  302                             lda #LOW  (\1)
  303                         sta <TMP_ADR0+0
  304                             ENDM
  305                     
  306                     SET_VRAM_LOC_ADD        MACRO
  307                         lda <TMP_ADR0+1
  308                         sta $2006
  309                         lda <TMP_ADR0+0
  310                         sta $2006
  311                             ENDM
  312                     
  313                     ADD_VRAM_LOC_CR MACRO
  314                             clc
  315                             lda  <TMP_ADR0+0
  316                             adc  #32
  317                             sta  <TMP_ADR0+0
  318                             lda  <TMP_ADR0+1
  319                             adc  #0
  320                             sta  <TMP_ADR0+0
  321                             ENDM
  322                     
  323                     
  324                     ;------------------------------------------------------------------------------
  325                     ;                               VRAMアドレスセット
  326                     ;                               VRAMアドレス = \1(16bit adr)
  327                     ;------------------------------------------------------------------------------
  328                     SET_VRAM_ADD_A_00       MACRO
  329                             STA  $2006
  330                             LDA     #$00
  331                             STA  $2006
  332                             ENDM
  333                     
  334                     
  335                     
  336                     
  337                     ;------------------------------------------------------------------------------
  338                     ;                               データアドレスセット
  339                     ;                               データアドレス = \1 (16bit adr)
  340                     ;------------------------------------------------------------------------------
  341                     SET_DATA_SRC    MACRO
  342                             lda     #LOW (\1)
  343                             sta     <SRC_ADR
  344                             lda #HIGH (\1)
  345                         sta <SRC_ADR+1
  346                             ENDM
  347                     
  348                     ;------------------------------------------------------------------------------
  349                     ;                               データアドレスセット
  350                     ;                               データアドレス = \1 (16bit adr)
  351                     ;------------------------------------------------------------------------------
  352                     SET_DATA_DST    MACRO
  353                             lda     #LOW (\1)
  354                             sta     <DST_ADR
  355                             lda #HIGH (\1)
  356                         sta <DST_ADR +1
  357                             ENDM
  358                     
  359                     
  360                     ;------------------------------------------------------------------------------
  361                     ;                               データアドレスセット
  362                     ;                               データアドレス = \1 (16bit adr)
  363                     ;                               データアドレス = \2 (16bit adr)
  364                     ;------------------------------------------------------------------------------
  365                     SET_DATA_ADR    MACRO
  366                             lda     #LOW (\2)
  367                             sta     \1
  368                             lda #HIGH (\2)
  369                         sta \1+1
  370                             ENDM
  371                     
  372                     ;------------------------------------------------------------------------------
  373                     ;                               パレット転送
  374                     ;                               データアドレス = \1 (アドレス)
  375                     ;------------------------------------------------------------------------------
  376                     TRANS_PAL       MACRO
  377                             lda  #LOW (\1)
  378                             sta  <SRC_ADR
  379                             lda  #HIGH (\1)
  380                         sta  <SRC_ADR+1
  381                             jsr  SET_PAL_DATA
  382                             ENDM
  383                     
  384                     ;------------------------------------------------------------------------------
  385                     ;                               ネームテーブル＆パレット転送
  386                     ;                               データアドレス = \1 (バンク付アドレス)
  387                     ;------------------------------------------------------------------------------
  388                     DRAW_BG_DATA    MACRO
  389                             lda  #LOW (\1)
  390                             sta  <SRC_ADR
  391                             lda  #HIGH (\1)
  392                         sta  <SRC_ADR+1
  393                             ldx  #BANK (\1) /2
  394                             jsr  TRANS_NAME_PAL
  395                             ENDM
  396                     
  397                     ;------------------------------------------------------------------------------
  398                     ;                               ネームテーブル転送
  399                     ;                               データアドレス = \1 (バンク付アドレス)
  400                     ;------------------------------------------------------------------------------
  401                     DRAW_BG_DATA_NP MACRO
  402                             lda  #LOW (\1)
  403                             sta  <SRC_ADR
  404                             lda  #HIGH (\1)
  405                         sta  <SRC_ADR+1
  406                             ldx  #BANK (\1) /2
  407                             lda  <A0_BNK            ;
  408                             pha                     ;現行のバンクを保存
  409                             txa
  410                             jsr  CHG_A0_BANK
  411                             jsr  TRANS_NAMETBL_SUB
  412                     
  413                             pla
  414                             jsr  CHG_A0_BANK
  415                             ENDM
  416                     
  417                     
  418                     ;------------------------------------------------------------------------------
  419                     ;                               文字列描画
  420                     ;                               \1 = 文字列
  421                     ;------------------------------------------------------------------------------
  422                     DRAW_STRING2 MACRO
  423                             LDA  #HIGH (.end\@ -1)
  424                             PHA
  425                             LDA  #LOW (.end\@ -1)
  426                             PHA
  427                             LDA  #LOW (.tbl\@ )
  428                             STA  <SRC_ADR
  429                             LDA  #HIGH (.tbl\@ )
  430                             jmp  DRAW_STRING_SUB
  431                     .tbl\@:
  432                         db  \1,0
  433                     .end\@:
  434                             ENDM
  435                     
  436                     ;------------------------------------------------------------------------------
  437                     ;                               文字列描画
  438                     ;                               データソースアドレス = \1 (16bit adr)
  439                     ;------------------------------------------------------------------------------
  440                     DRAW_STRING     MACRO
  441                             lda     #\1 & $ff
  442                             STA     <SRC_ADR
  443                             LDA     #\1 >> 8
  444                     ;;      STA     <SRC_ADR+1
  445                             JSR     DRAW_STRING_SUB
  446                             ENDM
  447                     
  448                     ;------------------------------------------------------------------------------
  449                     ;                               文字列描画（クリアー切り替え付き）
  450                     ;                               データソースアドレス = \1 (16bit adr)
  451                     ;------------------------------------------------------------------------------
  452                     DRAW_STRING_S   MACRO
  453                             lda     #\1 & $ff
  454                             STA     <SRC_ADR
  455                             LDA     #\1 >> 8
  456                     ;;      STA     <SRC_ADR+1
  457                             JSR     DRAW_STRING_S_SUB
  458                             ENDM
  459                     
  460                     ;------------------------------------------------------------------------------
  461                     ;                               文字列描画（テーブル選択型）
  462                     ;                               A reg = テーブル選択番号
  463                     ;                               テーブルデータアドレス = \1 (16bit adr)
  464                     ;------------------------------------------------------------------------------
  465                     DRAW_STRING_TBL_SEL     MACRO
  466                             ASL     A
  467                             TAX
  468                             LDA     \1,X
  469                             STA     <SRC_ADR
  470                             LDA     \1+1,X
  471                     ;;      STA     <SRC_ADR+1
  472                             JSR     DRAW_STRING_SUB
  473                             ENDM
  474                     
  475                     ;------------------------------------------------------------------------------
  476                     PAL_CHG MACRO
  477                             inc  <PAL_CHG_FG
  478                             ENDM
  479                     
  480                     
  481                     ;******************************************************************************
  482                     ;       RTS関係
  483                     ;******************************************************************************
  484                     
  485                     rts_z   MACRO
  486                             bne .tbl\@
  487                             rts
  488                     .tbl\@:
  489                             ENDM
  490                     
  491                     rts_nz  MACRO
  492                             beq .tbl\@
  493                             rts
  494                     .tbl\@:
  495                             ENDM
  496                     
  497                     rts_c   MACRO
  498                             bnc .tbl\@
  499                             rts
  500                     .tbl\@:
  501                             ENDM
  502                     
  503                     rts_nc  MACRO
  504                             bcs .tbl\@
  505                             rts
  506                     .tbl\@:
  507                             ENDM
  508                     
  509                     
  510                     ;******************************************************************************
  511                     ;       テーブル関係
  512                     ;******************************************************************************
  513                     
  514                     ;------------------------------------------------------------------------------
  515                     ;                               テーブルジャンプ
  516                     ;                               A reg = ジャンプ先テーブル番号
  517                     ;------------------------------------------------------------------------------
  518                     TBL_JUMP        MACRO
  519                             ASL     A
  520                             stx  <TMP_SYS
  521                             TAX
  522                             LDA     .tbl\@+1,X
  523                             PHA
  524                             LDA     .tbl\@+0,X
  525                             ldx  <TMP_SYS
  526                             PHA
  527                             RTS
  528                     .tbl\@:
  529                             ENDM
  530                     
  531                     ;------------------------------------------------------------------------------
  532                     ;  テーブルジャンプ先　宣言用マクロ　スタックを使う場合ジャンプ先-1 をプッシュ
  533                     ;------------------------------------------------------------------------------
  534                     JPTBL   MACRO
  535                             DW      \1 -1
  536                             ENDM
  537                     
  538                     ;------------------------------------------------------------------------------
  539                     ;                               バンク付テーブルジャンプ
  540                     ;                               A reg = ジャンプ先テーブル番号
  541                     ;------------------------------------------------------------------------------
  542                     BNK_TBL_JUMP    MACRO
  543                             sta  <TMP_SYS
  544                             stx  <TMP_SYS2
  545                             asl a
  546                             clc
  547                             adc  <TMP_SYS
  548                             tax
  549                     
  550                             ; 各ミッションタイプに応じた初期化処理を呼び出し
  551                             lda  .tbl\@+1,x
  552                             pha
  553                             lda  .tbl\@+0,x
  554                             pha
  555                     
  556                             lda  .tbl\@+2,x         ;BANK
  557                             jsr  SYS_CHG_BANK
  558                             ldx  <TMP_SYS2
  559                             rts
  560                     .tbl\@:
  561                             ENDM
  562                     
  563                     ;------------------------------------------------------------------------------
  564                     ;  バンク付ジャンプ先テーブル
  565                     ;------------------------------------------------------------------------------
  566                     BNK_JPTBL2      MACRO
  567                             DW      (\1 -1)
  568                             DB  #BANK ( \1 ) / 2
  569                             ENDM
  570                     
  571                     
  572                     
  573                     ;------------------------------------------------------------------------------
  574                     ;  バンク付アドレステーブル
  575                     ;------------------------------------------------------------------------------
  576                     ;BNK_ADR        MACRO
  577                     ;       DW      \1
  578                     ;       DB  #BANK ( \1 ) /2
  579                     ;       ENDM
  580                     
  581                     
  582                     
  583                     
  584                     
  585                     ;------------------------------------------------------------------------------
  586                     ;  バンク間コール ※A000 に配置された他バンクのサブルーチンを呼び出す
  587                     ;                               コール先アドレス = \1 (16bit adr + bank)
  588                     ;------------------------------------------------------------------------------
  589                     ;BNK_CALL       MACRO
  590                     ;       jsr     BANK_CALL_SUB
  591                     ;       DW      (\1 -1)
  592                     ;       DB  #BANK ( \1 ) / 2
  593                     ;       ENDM
  594                     
  595                     BNK_CALL        MACRO
  596                             jsr     \1
  597                             ENDM
  598                     
  599                     
  600                     ;=================================================================
  601                     ;                               ジャンプベクターチェック付きCALL
  602                     ;=================================================================
  603                     JVC_CALL MACRO
  604                             lda  \1
  605                             cmp  #$4C
  606                             bne  .iend\@
  607                             jsr  \1
  608                     .iend\@:
  609                             ENDM
  610                     
  611                     ;=================================================================
  612                     ;                               ジャンプベクターチェック付きJMP Areg 破壊
  613                     ;=================================================================
  614                     JVC_JMP MACRO
  615                             lda  \1
  616                             cmp  #$4C
  617                             bne     .iend\@
  618                             jmp  \1
  619                     .iend\@:
  620                             ENDM
  621                     
  622                     
  623                     ;=================================================================
  624                     ;                               ジャンプベクターチェック付きJMP Xreg 破壊
  625                     ;=================================================================
  626                     JVC_JMPX MACRO
  627                             ldx  \1
  628                             cpx  #$4C
  629                             bne     .iend\@
  630                             jmp  \1
  631                     .iend\@:
  632                             ENDM
  633                     
  634                     
  635                     ;=================================================================
  636                     ;                               空のジャンプベクター
  637                     ;=================================================================
  638                     DMY_JVC_JMP MACRO
  639                             db $FF,$FF,$FF
  640                             ENDM
  641                     
  642                     ;=================================================================
  643                     ;                               NMIユーザー処理登録用マクロ
  644                     ;=================================================================
  645                     SET_NMI_CALL    MACRO
  646                             LDA     #HIGH (\1)
  647                             STA <NMI_CALL_ADR+1
  648                             LDA     #LOW  (\1)
  649                             STA <NMI_CALL_ADR
  650                             LDA     #BANK (\1) /2
  651                             STA <NMI_CALL_BNK
  652                             ENDM
  653                     
  654                     
  655                     ;=================================================================
  656                     ;                               NMIユーザー処理解除用マクロ
  657                     ;=================================================================
  658                     CLR_NMI_CALL    MACRO
  659                             LDA     #0
  660                             STA <NMI_CALL_ADR+1
  661                             ENDM
  662                     
  663                     ;=================================================================
  664                     ;                               RAM転送システム用のマクロ
  665                     ;=================================================================
  666                     
  667                     ;------------------------------------------------------
  668                     ; VRAM転送先アドレス指定マクロ
  669                     ;------------------------------------------------------
  670                     SET_VRAMT_ADR   MACRO
  671                             lda   #HIGH (\1)
  672                             jsr   writeVRAMT_DATA
  673                             lda   #LOW  (\1)
  674                             jsr   writeVRAMT_DATA
  675                             ENDM
  676                     
  677                     
  678                     ;------------------------------------------------------------------------------
  679                     ;                               テーブル選択
  680                     ;                               A reg = テーブル選択番号
  681                     ;                               テーブルアドレス = \1 (16bit adr)
  682                     ;------------------------------------------------------------------------------
  683                     TBL_SELECT      MACRO
  684                             ASL     A
  685                             TAX
  686                             LDA     \1,X
  687                             STA     <SRC_ADR
  688                             LDA     \1+1,X
  689                             STA     <SRC_ADR+1
  690                             ENDM
  691                     
  692                     ;------------------------------------------------------------------------------
  693                     ;                               テーブル選択
  694                     ;                               A reg = テーブル選択番号
  695                     ;                               テーブルアドレス = \1 (16bit adr)
  696                     ;------------------------------------------------------------------------------
  697                     TBL_SELECT2     MACRO
  698                             ASL     A
  699                             TAX
  700                             LDA     \1,X
  701                             STA     <DST_ADR
  702                             LDA     \1+1,X
  703                             STA     <DST_ADR +1
  704                             ENDM
  705                     
  706                     
  707                     
  708                     ;-------------------------------------------------------------------------------
  709                     ; H-IRQ用マクロ
  710                     ;-------------------------------------------------------------------------------
  711                     ; H-IRQエントリ設定
  712                     HIRQ_ENTRY_SET  macro
  713                                     lda     #LOW(\1)
  714                                     sta     <HIRQ_ENTRY_ADR
  715                                     lda     #HIGH(\1)
  716                                     sta     <HIRQ_ENTRY_ADR+1
  717                                     endm
  718                     
  719                     
  720                     ; H-IRQ関数設定
  721                     HIRQ_FUNC_SET   macro
  722                                     lda     #LOW(\1)
  723                                     sta     <HIRQ_FUNC_ADR
  724                                     lda     #HIGH(\1)
  725                                     sta     <HIRQ_FUNC_ADR+1
  726                                     endm
  727                     
  728                     
  729                     ;-------------------------------------------------------------------------------
  730                     ; メモリー制御
  731                     ;-------------------------------------------------------------------------------
  732                     
  733                     ;   A reg クリアーデータ
  734                     ;   Y reg クリアーサイズ ( 0 は 256バイト )
  735                     ;       \1 = クリアーメモリーアドレス (16bit adr)
  736                     
  737                     CLEAR_MEM       macro
  738                     
  739                     .loop\@:
  740                             dey
  741                             sta   \1,Y
  742                             bne   .loop\@
  743                     
  744                                     endm
  745                     
  746                     
  747                     COPY_TBL        macro
  748                             ldx  #0
  749                     .loop\@:
  750                             lda  \1,x
  751                             sta  \2,x
  752                             inx
  753                             cpx  #\3
  754                             bne   .loop\@
  755                                     endm
  756                     
  757                     
  758                     ;       \1 = 転送元アドレス (BNK+16bit adr)
  759                     ;       \2 = 転送先アドレス (16bit adr)
  760                     ;       \3 = 転送サイズ (8bit)
  761                     
  762                     COPY_MEM        macro
  763                             lda  #LOW (\1)
  764                             sta  <SRC_ADR
  765                             lda  #HIGH (\1)
  766                         sta  <SRC_ADR+1
  767                     
  768                             lda  #LOW (\2)
  769                             sta  <DST_ADR
  770                             lda  #HIGH (\2)
  771                         sta  <DST_ADR+1
  772                     
  773                             ldy  #(\3)
  774                             jsr  memcpy
  775                     
  776                             endm
  777                     
  778                     ;       \1 = 転送元アドレス (BNK+16bit adr)
  779                     ;       \2 = 転送先アドレス (16bit adr)
  780                     ;       \3 = 転送サイズ (16bit)
  781                     
  782                     COPY_MEM16      macro
  783                             lda  #LOW (\1)
  784                             sta  <SRC_ADR
  785                             lda  #HIGH (\1)
  786                         sta  <SRC_ADR+1
  787                     
  788                             lda  #LOW (\2)
  789                             sta  <DST_ADR
  790                             lda  #HIGH (\2)
  791                         sta  <DST_ADR+1
  792                     
  793                             ldy  #LOW (\3)
  794                             ldx  #HIGH (\3)
  795                     
  796                             lda  #BANK (\1) /2
  797                     
  798                             jsr  memcpy_x
  799                     
  800                             endm
  801                     
  802                     
  803                     
  804                     ;-------------------------------------------------------------------------------
  805                     ; BEEP
  806                     ;-------------------------------------------------------------------------------
  807                     
  808                     BEEP    MACRO
  809                             lda #0
  810                             sta $4015
  811                     
  812                     ;       lda $4015               ; サウンドレジスタ
  813                     ;       ora #%00000001  ; 矩形波チャンネル１を有効にする
  814                             lda #%00000001  ; 矩形波チャンネル１を有効にする
  815                             sta $4015
  816                     
  817                             lda #%10111111  ; Duty比・長さ無効・減衰無効・減衰率
  818                             sta $4000       ; 矩形波チャンネル１制御レジスタ１
  819                     
  820                     ;       lda #%10101011  ; スイープ有効・変化率・方向・変化量
  821                     ;       lda #%00101011  ; スイープ有効・変化率・方向・変化量
  822                             lda #(\2)       ; スイープ有効・変化率・方向・変化量
  823                             sta $4001       ; 矩形波チャンネル１制御レジスタ２
  824                             
  825                             lda #LOW(\1)    ; 周波数(下位8ビット)
  826                             sta $4002       ; 矩形波チャンネル１周波数レジスタ１
  827                             lda #%11111000 +(HIGH(\1) &7)   ; 再生時間・周波数(上位3ビット)
  828                             sta $4003       ; 矩形波チャンネル１周波数レジスタ２
  829                     
  830                             ENDM
  831                     
  832                     
  833                     
  834                     ;-------------------------------
  835                     ; Areg = セットするライン数
  836                     ;-------------------------------
  837                     HIRQ_LATCH_RELOAD       MACRO
  838                             sta  <HIRQ_CNT
  839                             sta  EXS_HIRQ_REG               ; H-IRQラインオフセット設定
  840                     ;       lda  <EXA_MODE
  841                     ;       bne  .iend\@
  842                     ;       lda  #1
  843                     ;       sta  <HIRQ_CNT
  844                     ;.iend\@:
  845                             ENDM
  846                     
  847                     
  848                     HIRQ_END        MACRO
  849                             lda  #$FF
  850                             sta  EXS_HIRQ_REG               ; H-IRQラインオフセット設定
  851                             sta  <HIRQ_CNT
  852                             ENDM
  853                     
  854                     
  855                     ;-------------------------------
  856                     ; ROMミラー設定マクロ
  857                     ;-------------------------------
  858                     ROM_MIRROR      macro
  859                             db "nes_mirror",\1
  860                             dw \2
  861                             ds \2 -13
  862                     
  863                             ENDM
  864                     
  865                     
  866                     ;-------------------------------
  867                     ; バンク切り替え
  868                     ;-------------------------------
  869                     CHG_BANK_A      macro
  870                             sta  $E000
  871                             ENDM
  872                     
  873                     CHG_BANK_X      macro
  874                             jsr  SYS_CHG_BANK_X
  875                     ;       stx  $8000
  876                             ENDM
  877                     
  878                     ;-------------------------------
  879                     ; バンク切り替え
  880                     ;-------------------------------
  881                     CHG_BANK_LB macro
  882                             lda  #BANK (\1) /2
  883                             sta  $E000
  884                             ENDM
  885                     
  886                     
  887                     
  888                     ;-------------------------------
  889                     ; 現在のバンクをスタックにPUSH
  890                     ;-------------------------------
  891                     PUSH_BANK macro
  892                             lda  ROM_BANK_NO
  893                             pha
  894                             ENDM
  895                     
  896                     
  897                     ;-------------------------------
  898                     ; 現在のスタックからPOPしてバンク切り替え
  899                     ;-------------------------------
  900                     POP_BANK macro
  901                             pla
  902                             jsr  SYS_CHG_BANK
  903                             ENDM
  904                     
  905                     
  906                     ;-------------------------------
  907                     ; サウンドデータテーブルマクロ
  908                     ;-------------------------------
  909                     MDR_DT  MACRO
  910                             DW \1
  911                             DB \2
  912                             DB \3
  913                             ENDM
  914                     
  915                     
  916                     ;-------------------------------
  917                     ; サウンドデータテーブルマクロ
  918                     ;-------------------------------
  919                     DEBUG_HALT MACRO
  920                             sei
  921                             BEEP $104,%11110011
  922                     .halt\@
  923                             jmp  .halt\@
  924                             ENDM
  925                     
  926                     ;******************************************************************************
  927                     ;       NoNMI関係
  928                     ;******************************************************************************
  929                     
  930                     WAIT_VBLANK MACRO
  931                     .wait_loop\@
  932                             bit      $2002  ;ppu__status
  933                             bpl     .wait_loop\@
  934                             ENDM
  935                     
  936                     WAIT_VBLANK_END MACRO
  937                     .wait_loop\@
  938                             bit      $2002  ;ppu__status
  939                             bmi     .wait_loop\@
  940                             ENDM
  941                     
  942                     RESET_SCR_XY MACRO
  943                             lda  #0
  944                             sta  $2005
  945                             sta  $2005
  946                             ENDM
  947                     
  948                     ;******************************************************************************
  949                     ;       EXA関係
  950                     ;******************************************************************************
  951                     
  952                     RSTAT_EXA MACRO
  953                             lda  $5000
  954                             ENDM
  955                     
  956                     
  957                     ;******************************************************************************
  958                     ;       TIMEOUT関連
  959                     ;******************************************************************************
  960                     ;-------------------------------------------------------------------------------
  961                     ; TIMEOU値セット
  962                     ;-------------------------------------------------------------------------------
  963                     ;       \1 = タイムアウト秒数 (1-68秒)
  964                     SET_TIMEOUT macro
  965                             lda  #( \1 *60/16)
  966                             sta  <DEMO_TIMER
  967                             ENDM
  968                     
  969                     JOB_TIMEOUT MACRO
  970                             lda  <DEMO_TIMER
  971                             beq  .lpx\@
  972                             LDA  <SYS_TIMER
  973                             AND  #$0f
  974                             BNE      .lpx\@
  975                             dec  <DEMO_TIMER
  976                     .lpx\@
  977                             ENDM
  978                     
  979                     IS_TIMEOUT macro
  980                             lda  <DEMO_TIMER
  981                             ENDM
  982                     
  983                     
#[1]   PG_main.asm
   49                     
   50           E000              .code
   51                     
   52                     
   53                             ;========================================
   54                             ; ゲームバンク $00
   55                             ;========================================
   56           0000              .BANK           0
   57           8000             ORG     $8000
   58                     
   59           0001              .BANK           1
   60           A000             ORG     $A000
   61                     
   62                     
   63                             ;========================================
   64                             ; ゲームバンク $10
   65                             ;========================================
   66           0002              .BANK           2
   67           C000                      ORG     $C000
   68                     
   69                     
   70           0003              .BANK           3
   71           E000             ORG     $E000
   72                     
   73           EF00              ORG     $EF00
   74  03:EF00            MAIN_SETUP:
   75  03:EF00  4C 00 00          jmp  0          ; dmy
   76  03:EF03            MAIN_LOOP:
   77  03:EF03  4C 00 00          jmp  0          ; dmy
   78                     
   79           EFF0              ORG     $EFF0
   80  03:EFF0            DB_ROM_VER:
   81                     ;       .INCLUDE        "dbdate.h"
   82                     
   83           EFFF              ORG     $EFFF
   84  03:EFFF            IS_ROM_ERACE:
   85  03:EFFF  00                db  0                   ; ROMが消去されていたら $FFが格納されている
   86                     ;       db  0xff                ; ROMが消去されていたら $FFが格納されている
   87                     
   88           F000             ORG     $F000
   89                             ;----------------------------------------
   90                             ; ジャンプベクター
   91                             ;----------------------------------------
   92  03:F000            INIT:
   93  03:F000  4C 94 F0          jmp  BR_INIT
   94  03:F003            TRANS_SYS_FONT:
   95  03:F003  4C 29 F7          jmp  BR_TRANS_SYS_FONT
   96  03:F006            KEY_RTN:
   97  03:F006  4C 0F F0          jmp  BR_KEY_RTN
   98  03:F009            BEEP_PI:
   99  03:F009  4C 9F FB          jmp  BR_BEEP_PI
  100  03:F00C            BEEP_PO:
  101  03:F00C  4C BE FB          jmp  BR_BEEP_PO
  102                     
  103                     
#[2]   SysKey.asm
  104                             .INCLUDE        "SysKey.asm"
    1                     ;========================================
    2                     ; Key System
    3                     ;========================================
    4                     
    5                     ;*****************************************
    6                     ;キー入力システム
    7                     ;*****************************************
    8                     ;       拡張ＰＡＤ対応および、ΔＰＣＭ再生によるノイズ除去処理を追加しました。
    9                     ;
   10                     ;                                                               渡部
   11                     ;****************
   12                     ; KEY RTN       *
   13                     ;****************
   14                     ;
   15  03:F00F            BR_KEY_RTN:
   16                             ;----------------------------------------------------------------------
   17                             ; 4 回読込み版
   18                             ;----------------------------------------------------------------------
   19  03:F00F  A5 85             lda     <KEY_NEW
   20  03:F011  85 84             sta     <KEY_OLD
   21                     
   22  03:F013  20 6A F0           jsr    .read                   ; 6+153
   23  03:F016  85 0C              sta    <KEY_CH1                ; 3
   24  03:F018  20 6A F0           jsr    .read                   ; 6+153
   25  03:F01B  48                 pha                            ; 3
   26  03:F01C  20 6A F0            jsr   .read                   ; 6+153
   27  03:F01F  85 0D               sta   <KEY_CH3                ; 3
   28  03:F021  20 6A F0            jsr   .read                   ; 6+153  (645)
   29  03:F024  68                 pla                            ; (2nd read)
   30  03:F025  C5 0C             cmp     <KEY_CH1
   31  03:F027  F0 06             beq     .store                  ; XX--
   32  03:F029  C5 85             cmp     <KEY_NEW                ; (4th read)
   33  03:F02B  F0 02             beq     .store                  ; -X-X
   34  03:F02D  A5 0D             lda     <KEY_CH3                ; X-X-
   35                                                             ; -XX-
   36                                                             ; --XX
   37  03:F02F            .store:
   38  03:F02F  85 85             sta     <KEY_NEW
   39                     
   40                     ;;      lda     <KEY_NEW
   41  03:F031  45 84             eor     <KEY_OLD
   42  03:F033  48                pha
   43  03:F034  25 85              and    <KEY_NEW
   44  03:F036  85 83              sta    <KEY_TRG
   45  03:F038  68                pla
   46  03:F039  25 84             and     <KEY_OLD
   47  03:F03B  85 82             sta     <KEY_REL
   48                     
   49                     ;;      RTS
   50                     
   51                             ;--v--v-- キーリピートを追加 (2016-05-21 門真)
   52  03:F03D  A5 83             lda     <KEY_TRG
   53  03:F03F  29 0F             and     #(KEY_UP|KEY_DOWN|KEY_LEFT|KEY_RIGHT)
   54  03:F041  F0 0C             beq     .main                   ; 新たに押されたキーがない?
   55                     
   56  03:F043  A8                tay
   57  03:F044  B9 84 F0          lda  ro_keytable, y             ; 同時押し対策 (下上右左の順に優先)
   58  03:F047  85 8A             sta     <REP_KEY                ; 新たに押されたキーをリピート用に設定
   59  03:F049  A9 18             lda     #REP_WAIT
   60  03:F04B  85 8C             sta     <REP_CNT                ; 初回ウェイト
   61           0001              .if     1
   62           0018               .if     REP_WAIT
   63  03:F04D  D0 16               bne   .press                  ; =bra  押し始めは押下あり
   64                              .else
   66                              .endif
   67                             .else
   70                             .endif
   71  03:F04F            .main:
   72  03:F04F  A5 85             lda     <KEY_NEW
   73  03:F051  25 8A             and     <REP_KEY
   74  03:F053  F0 12             beq     .set                    ; リピート用キーが押されていない (a=0)?
   75                     
   76  03:F055  C6 8C             dec     <REP_CNT                ; ウェイトのカウントダウン
   77  03:F057  F0 0C             beq     .press                  ; 初回ウェイト終了か?
   78  03:F059  A5 8C             lda     <REP_CNT
   79  03:F05B  49 F8             eor     #-REP_INTERVAL
   80  03:F05D  C9 01             cmp     #1                      ; c = 0:一致 / 1:不一致
   81  03:F05F  A9 00             lda     #0                      ; カウンタ初期値 または 押下キーなし
   82  03:F061  B0 04             bcs     .set                    ; 2 回目以降のウェイト終了でないか?
   83                     
   84  03:F063  85 8C             sta     <REP_CNT                ; カウンタを戻す。
   85  03:F065            .press:
   86  03:F065  A5 8A             lda     <REP_KEY
   87  03:F067            .set:
   88  03:F067  85 8B             sta     <REP_NEW                ; リピートにより ON/OFF される押下状態
   89  03:F069  60                rts
   90                     
   91                             ;----------------------------------------------------------------------
   92                             ; 4 回読込み版 - 1 回分サブ
   93                             ;----------------------------------------------------------------------
   94                             ; こちらの版は 2 フレーム間での比較を行わないため、
   95                             ; 反応が良くなって既存のゲームバランスに影響が出てしまった。
   96                             ; そのため、やむなく使用しないこととなった。
   97  03:F06A            .read:
   98  03:F06A  A9 01             lda     #1                      ; 2
   99  03:F06C  85 85             sta     <KEY_NEW                ; 3
  100  03:F06E  8D 16 40          sta      $4016                  ; 4
  101  03:F071  4A                lsr      a                      ; 2  =lda #0
  102  03:F072  8D 16 40          sta      $4016                  ; 4
  103  03:F075            .read_loop:
  104  03:F075  AD 16 40          lda      $4016                  ; 4x
  105  03:F078  29 03             and     #(%11<<0)               ; 2x
  106  03:F07A  C9 01             cmp     #(%01<<0)               ; 2x
  107  03:F07C  26 85             rol     <KEY_NEW                ; 5x
  108  03:F07E  90 F5             bcc     .read_loop              ; 3x
  109                                                             ;-1
  110  03:F080  A5 85             lda     <KEY_NEW                ; 3
  111  03:F082  EA                nop                             ; 2  調整用
  112  03:F083  60                rts                             ; 6  (153)
  113                     
  114                             ;----------------------------------------------------------------------
  115                     ;;      Align   16
  116  03:F084            ro_keytable:            ;2143
  117  03:F084  00                .db     %0000   ;----
  118  03:F085  01                .db     %0001   ;---R
  119  03:F086  02                .db     %0010   ;--L-
  120  03:F087  01                .db     %0001   ;--lR
  121  03:F088  04                .db     %0100   ;-D--
  122  03:F089  04                .db     %0100   ;-D-r
  123  03:F08A  04                .db     %0100   ;-Dl-
  124  03:F08B  04                .db     %0100   ;-Dlr
  125  03:F08C  08                .db     %1000   ;U---
  126  03:F08D  08                .db     %1000   ;U--r
  127  03:F08E  08                .db     %1000   ;U-l-
  128  03:F08F  08                .db     %1000   ;U-lr
  129  03:F090  04                .db     %0100   ;uD--
  130  03:F091  04                .db     %0100   ;uD-r
  131  03:F092  04                .db     %0100   ;uDl-
  132  03:F093  04                .db     %0100   ;uDlr
  133                             ;--^--^--
  134                     
  135                     
  136           0000       .if 0
  237                      .endif
#[1]   PG_main.asm
#[2]   SysBootRom.asm
  105                             .include        "SysBootRom.asm"
    1                     ;=====================================================
    2                     ;
    3                     ;       起動時初期化処理
    4                     ;
    5                     ;=====================================================
    6                     
    7                     
    8                     
    9                     ;===================================================================
   10                     ;       ファミコン初期化
   11                     ;===================================================================
   12  03:F094            BR_INIT:
   13  03:F094  78                sei
   14  03:F095  D8                cld
   15  03:F096  A2 FF             ldx     #$ff
   16  03:F098  9A                txs
   17                     
   18  03:F099  A9 00             lda  #0
   19  03:F09B  8D 00 20          sta      $2000
   20  03:F09E  8D 00 80          sta  $8000
   21                     
   22  03:F0A1  A2 00             ldx  #0         ; =ldx #0
   23  03:F0A3  8E 00 20          stx  $2000
   24  03:F0A6  8E 01 20          stx  $2001
   25  03:F0A9  8E 15 40          stx  $4015
   26  03:F0AC  8E 10 40          stx      $4010  ;apu__dmc_control
   27  03:F0AF  A9 40             lda     #(%1<<6)
   28  03:F0B1  8D 17 40          sta      $4017  ;apu__frame
   29                     
   30                     
   31                             ;===============================
   32                             ;       グラフィック関連初期化
   33                             ;===============================
   34  03:F0B4            .v2:
   35  03:F0B4  2C 02 20          bit      $2002  ;ppu__status
   36  03:F0B7  10 FB             bpl     .v2
   37                     
   38                     
   39  03:F0B9  AD 02 20          lda      $2002  ;ppu__status            ; 1st-write
   40  03:F0BC  A9 10             lda     #$10
   41  03:F0BE  AA                tax
   42  03:F0BF            .toggle_ppu_a12:
   43  03:F0BF  8D 06 20          sta      $2006  ;ppu__address
   44  03:F0C2  8D 06 20          sta      $2006  ;ppu__address
   45  03:F0C5  49 10             eor     #$10
   46  03:F0C7  CA                dex
   47  03:F0C8  D0 F5             bne     .toggle_ppu_a12
   48  03:F0CA  8E 01 20          stx      $2001  ;ppu__control2
   49                     
   50  03:F0CD  2C 02 20          bit      $2002  ;ppu__status
   51  03:F0D0  2C 02 20  .v:     bit      $2002  ;ppu__status
   52  03:F0D3  10 FB             bpl     .v
   53                     
   54                     
   55                             ;===============================
   56                             ;       スクロールレジスタ初期化
   57                             ;===============================
   58  03:F0D5  A9 00             lda  #0
   59  03:F0D7  8D 05 20          sta  $2005
   60  03:F0DA  8D 05 20          sta  $2005
   61                     
   62                             ;===============================
   63                             ;       PICOリセット
   64                             ;===============================
   65                             SET_VRAM_ADD2   #$0800
       03:F0DD  A9 08             lda #HIGH (#$0800)
       03:F0DF  8D 06 20      sta $2006
       03:F0E2  A9 00             lda #LOW  (#$0800)
       03:F0E4  8D 06 20          sta $2006
   66  03:F0E7  A9 EF             lda  #FP_COM_RST
   67  03:F0E9  8D 07 20          sta  $2007
   68                     
   69                             ;===============================
   70                             ; スプライト初期化
   71                             ;===============================
   72  03:F0EC  A9 00             lda  #0
   73  03:F0EE  8D 03 20          sta  $2003
   74  03:F0F1  A2 F1             ldx  #$F1
   75  03:F0F3  A0 40             ldy  #64
   76  03:F0F5            .loop_spclr
   77  03:F0F5  8D 04 20          sta  $2004
   78  03:F0F8  8E 04 20          stx  $2004
   79  03:F0FB  8D 04 20          sta  $2004
   80  03:F0FE  8D 04 20          sta  $2004
   81  03:F101  88                dey
   82  03:F102  D0 F1             bne  .loop_spclr
   83                     
   84                             ;===============================
   85                             ;       パレットクリア
   86                             ;===============================
   87                             ; 全て白にしてリセット時のゴミを隠す
   88                             SET_VRAM_ADD2 #$3F00
       03:F104  A9 3F             lda #HIGH (#$3F00)
       03:F106  8D 06 20      sta $2006
       03:F109  A9 00             lda #LOW  (#$3F00)
       03:F10B  8D 06 20          sta $2006
   89  03:F10E  A0 20             ldy     #32
   90  03:F110  A9 30             lda     #$30                    ; 白
   91  03:F112  20 B4 F1          jsr  .SYS_VRAM_WLP
   92                     
   93                             SET_VRAM_ADD2 #$3F00
       03:F115  A9 3F             lda #HIGH (#$3F00)
       03:F117  8D 06 20      sta $2006
       03:F11A  A9 00             lda #LOW  (#$3F00)
       03:F11C  8D 06 20          sta $2006
   94  03:F11F  A0 01             ldy  #1
   95  03:F121  A9 1F             lda  #$1F               ; 黒
   96  03:F123  20 B4 F1          jsr  .SYS_VRAM_WLP
   97                     
   98                             ;===============================
   99                             ; ネームテーブル初期化
  100                             ;===============================
  101  03:F126  20 9D F1          jsr  .SYS_CLEAR_BG
  102                             SET_VRAM_ADD2 #$2C00
       03:F129  A9 2C             lda #HIGH (#$2C00)
       03:F12B  8D 06 20      sta $2006
       03:F12E  A9 00             lda #LOW  (#$2C00)
       03:F130  8D 06 20          sta $2006
  103  03:F133  20 A7 F1          jsr  .SYS_CLEAR_BG2
  104                     
  105                     
  106                             ;===============================
  107                             ; 初期キャラデータ転送
  108                             ;===============================
  109                     
  110  03:F136  20 03 F0          jsr  TRANS_SYS_FONT
  111                     
  112                     
  113                     
  114  03:F139  A2 00             ldx  #0
  115  03:F13B            .chk_ram100:
  116  03:F13B  A9 00             lda  #$00
  117  03:F13D  9D 00 01          sta  $100,x
  118  03:F140  E8                inx
  119  03:F141  E0 FD             cpx  #-3
  120  03:F143  D0 F6             bne  .chk_ram100
  121                     
  122                             ;=======================
  123                             ; メモリークリア       *
  124                             ;=======================
  125  03:F145            .ram_clear:
  126  03:F145  A9 00             lda  #0
  127  03:F147  AA                tax                             ; =lda #0
  128  03:F148            .CLR_LOP:
  129  03:F148  95 00             sta     <$00 ,x
  130                     
  131                     ; この領域に置いたハイスコアをリセット時にも保持させるため、
  132                     ;        STA     $0100,X
  133  03:F14A  9D 00 02          sta  $0200,X
  134  03:F14D  9D 00 03          sta  $0300,X
  135  03:F150  9D 00 04          sta  $0400,X
  136  03:F153  9D 00 05          sta  $0500,X
  137  03:F156  9D 00 06          sta  $0600,X
  138  03:F159  9D 00 07          sta  $0700,X
  139  03:F15C  E8                inx
  140  03:F15D  D0 E9             bne  .CLR_LOP
  141                     
  142                     
  143  03:F15F  20 8F F1          jsr  .SYS_CLEAR_SP      ; スプライトを画面外に初期化
  144                     
  145                     
  146                             ;===============================
  147                             ; 初回キー入力チェック
  148                             ;===============================
  149                             ; WRAM 強制初期化操作に必要
  150                             ; 連続 2 フレームで同じキーが押されていないと
  151                             ; 「押された」と判定されないため、2 回の読込みを行わせる。
  152  03:F162  20 06 F0          jsr  KEY_RTN
  153  03:F165  20 06 F0          jsr  KEY_RTN
  154                     
  155  03:F168  A5 85             lda  <KEY_NEW
  156  03:F16A  C9 10             cmp  #KEY_RUN
  157                     ;       cmp  #KEY_RUN | KEY_SEL
  158  03:F16C  F0 1E             beq  .rom_erace 
  159                     
  160           0001       .if !DEBUG_BUILD
  161                     
  162  03:F16E  AD FF EF          lda  IS_ROM_ERACE
  163  03:F171  D0 16             bne  .rom_update
  164                     
  165                             ;===============================
  166                             ; メモリーテスト
  167                             ;===============================
  168  03:F173  20 FD F2          jsr  BOOT_MEMTEST
  169                     
  170                             ;===============================
  171                             ; ROMバージョンチェック
  172                             ;===============================
  173  03:F176  20 16 F2          jsr  CHK_ROMVER
  174  03:F179  B0 11             bcs  .rom_erace 
  175                     
  176                      .endif
  177                     
  178                     
  179                     
  180  03:F17B  20 00 EF          jsr  MAIN_SETUP
  181                     
  182                     
  183                             ; PPU 制御フラグ 1 初期化
  184  03:F17E  A9 88             lda     #FLG_PPU2000
  185  03:F180  85 B0             sta     <FLG_2000
  186  03:F182  8D 00 20          sta      $2000                          ; このタイミングでNMI発生
  187                     
  188  03:F185  78                sei
  189                     
  190  03:F186  4C 03 EF          jmp  MAIN_LOOP
  191                     
  192  03:F189            .rom_update
  193  03:F189  4C 02 F6          jmp  ROM_UPDATE
  194                     
  195  03:F18C            .rom_erace
  196  03:F18C  4C 19 F5          jmp  ROM_ERACE
  197                     
  198                     
  199                     
  200                     ;==============================================================================
  201                     ;
  202                     ;                                       起動ROM用サブルーチン
  203                     ;
  204                     ;==============================================================================
  205                     
  206                     
  207  03:F18F            .SYS_CLEAR_SP:
  208  03:F18F  A0 00             ldy  #0
  209  03:F191  A9 F0             lda #SP_CLR_Y
  210  03:F193            .spclr_loop
  211  03:F193  99 00 02          sta $200,y
  212  03:F196  C8                iny
  213  03:F197  C8                iny
  214  03:F198  C8                iny
  215  03:F199  C8                iny
  216  03:F19A  D0 F7             bne .spclr_loop
  217  03:F19C            .end
  218  03:F19C  60                rts
  219                     
  220                     
  221                     ;=======================
  222                     ; VRAM CLEAR
  223                     ;=======================
  224  03:F19D            .SYS_CLEAR_BG:
  225                             SET_VRAM_ADD2 #$2000
       03:F19D  A9 20             lda #HIGH (#$2000)
       03:F19F  8D 06 20      sta $2006
       03:F1A2  A9 00             lda #LOW  (#$2000)
       03:F1A4  8D 06 20          sta $2006
  226  03:F1A7            .SYS_CLEAR_BG2:
  227  03:F1A7  A9 00             lda     #$00
  228  03:F1A9  A0 00             ldy     #0
  229  03:F1AB  20 B4 F1          jsr .SYS_VRAM_WLP
  230  03:F1AE  20 B4 F1          jsr .SYS_VRAM_WLP
  231  03:F1B1  20 B4 F1          jsr .SYS_VRAM_WLP
  232                     
  233  03:F1B4            .SYS_VRAM_WLP:
  234  03:F1B4  8D 07 20          sta  $2007
  235  03:F1B7  88                dey
  236  03:F1B8  D0 FA             bne  .SYS_VRAM_WLP
  237  03:F1BA  60                rts
  238                     
  239                     
  240                     ;------------------------------------------------------------------------------
  241                     ;                               文字列描画
  242                     ;                               \1 = 文字列
  243                     ;------------------------------------------------------------------------------
  244                     BR_DRAW_STRING2 MACRO
  245                             LDA  #HIGH (.end\@ -1)
  246                             PHA
  247                             LDA  #LOW (.end\@ -1)
  248                             PHA
  249                             LDA  #LOW (.tbl\@ )
  250                             STA  <SRC_ADR+0
  251                             LDA  #HIGH (.tbl\@ )
  252                             sta  <SRC_ADR+1
  253                             jmp  BR_DRAW_STRING_SUB
  254                     .tbl\@:
  255                         db  \1,0
  256                     .end\@:
  257                             ENDM
  258                     
  259  03:F1BB            BR_DRAW_STRING_SUB:
  260  03:F1BB  A0 00             ldy  #0
  261  03:F1BD            .drst00:
  262  03:F1BD  B1 08             lda  [SRC_ADR],Y
  263  03:F1BF  F0 0C             beq  .drst01
  264  03:F1C1  C9 20             cmp  #' '
  265  03:F1C3  D0 02             bne  .set
  266  03:F1C5  A9 00             lda  #0
  267  03:F1C7            .set
  268  03:F1C7  8D 07 20          sta  $2007
  269  03:F1CA  C8                iny
  270  03:F1CB  D0 F0             bne  .drst00
  271  03:F1CD            .drst01:
  272  03:F1CD  60                rts
  273                     
  274                     ;=======================
  275                     ; 16進数　数字描画
  276                     ;   SET_VRAM で転送先VRAMアドレスを指定
  277                     ;   A reg 描画する数値
  278                     ;=======================
  279  03:F1CE            BR_DRAW_HEX_BYTE:
  280  03:F1CE  A8                TAY
  281  03:F1CF  4A                LSR A
  282  03:F1D0  4A                LSR A
  283  03:F1D1  4A                LSR A
  284  03:F1D2  4A                LSR A
  285  03:F1D3  20 D7 F1          JSR     .DRAW_HEX_BYTE2
  286  03:F1D6  98                TYA
  287  03:F1D7            .DRAW_HEX_BYTE2:
  288  03:F1D7  20 DE F1          jsr  .convHEX2
  289  03:F1DA  8D 07 20          sta  $2007
  290  03:F1DD  60                rts
  291                     
  292  03:F1DE            .convHEX2:
  293  03:F1DE  29 0F             and  #$0f
  294  03:F1E0  C9 0A             cmp  #10
  295  03:F1E2  B0 05             bcs  .drhx00
  296  03:F1E4  18                clc
  297  03:F1E5  69 30             adc  #'0'
  298  03:F1E7  D0 03             bne  .drhx01
  299  03:F1E9            .drhx00:
  300  03:F1E9  18                clc
  301  03:F1EA  69 37             adc #'A' -10
  302  03:F1EC            .drhx01:
  303  03:F1EC  60                rts
  304                     
  305                     
  306  03:F1ED            BR_PICO_COM_WAIT:
  307  03:F1ED  A2 00             ldx  #0
  308  03:F1EF            .wait
  309  03:F1EF  CA                dex
  310  03:F1F0  D0 FD             bne  .wait
  311  03:F1F2  60                rts
  312                     
  313                     
  314  03:F1F3            BR_ERROR_EMD:
  315                             DEBUG_HALT
       03:F1F3  78                sei
                                  BEEP $104,%11110011
       03:F1F4  A9 00             lda #0
       03:F1F6  8D 15 40          sta $4015
                          
                          ;       lda $4015               ; サウンドレジスタ
                          ;       ora #%00000001  ; 矩形波チャンネル１を有効にする
       03:F1F9  A9 01             lda #%00000001  ; 矩形波チャンネル１を有効にする
       03:F1FB  8D 15 40          sta $4015
                          
       03:F1FE  A9 BF             lda #%10111111  ; Duty比・長さ無効・減衰無効・減衰率
       03:F200  8D 00 40          sta $4000       ; 矩形波チャンネル１制御レジスタ１
                          
                          ;       lda #%10101011  ; スイープ有効・変化率・方向・変化量
                          ;       lda #%00101011  ; スイープ有効・変化率・方向・変化量
       03:F203  A9 F3             lda #(%11110011)       ; スイープ有効・変化率・方向・変化量
       03:F205  8D 01 40          sta $4001       ; 矩形波チャンネル１制御レジスタ２
                                  
       03:F208  A9 04             lda #LOW($104)    ; 周波数(下位8ビット)
       03:F20A  8D 02 40          sta $4002       ; 矩形波チャンネル１周波数レジスタ１
       03:F20D  A9 F9             lda #%11111000 +(HIGH($104) &7)   ; 再生時間・周波数(上位3ビット)
       03:F20F  8D 03 40          sta $4003       ; 矩形波チャンネル１周波数レジスタ２
                          
       03:F212            .halt00006
       03:F212  4C 12 F2          jmp  .halt00006
  316  03:F215  60                rts
  317                     
  318                     
  319                     ;==============================================================================
  320                     ;
  321                     ;                                       ROMバージョンチェック
  322                     ; CFlag = ON：ROMバージョンアップ
  323                     ;==============================================================================
  324  03:F216            CHK_ROMVER:
  325                     
  326  03:F216  A9 00             lda  #0
  327  03:F218  8D 00 20          sta      $2000
  328  03:F21B  8D 01 20          sta      $2001
  329                     
  330                             SET_VRAM_ADD2   #$0800
       03:F21E  A9 08             lda #HIGH (#$0800)
       03:F220  8D 06 20      sta $2006
       03:F223  A9 00             lda #LOW  (#$0800)
       03:F225  8D 06 20          sta $2006
  331  03:F228  A9 2F             lda  #FP_COM_VER
  332  03:F22A  8D 07 20          sta  $2007
  333                     
  334  03:F22D  20 ED F1          jsr  BR_PICO_COM_WAIT
  335                     
  336                             ; PICOからデータ取得
  337                             SET_VRAM_ADD2   #$0800
       03:F230  A9 08             lda #HIGH (#$0800)
       03:F232  8D 06 20      sta $2006
       03:F235  A9 00             lda #LOW  (#$0800)
       03:F237  8D 06 20          sta $2006
  338  03:F23A  AD 07 20          lda  $2007      ; ダミーリード
  339  03:F23D            .head
  340  03:F23D  AD 07 20          lda  $2007      ; ヘッダーチェック
  341  03:F240  C9 43             cmp  #'C'
  342  03:F242  D0 F9             bne  .head
  343                     
  344  03:F244  A2 00             ldx  #0
  345  03:F246            .loop
  346  03:F246  AD 07 20          lda  $2007
  347  03:F249  9D 00 04          sta  PICO_DATA_BUF,x
  348  03:F24C  E8                inx
  349  03:F24D  E0 10             cpx  #$10
  350  03:F24F  D0 F5             bne  .loop
  351                     
  352  03:F251  20 8B FB          jsr  BR_VBLANK_END
  353                     
  354                     
  355  03:F254  A9 08             lda  #%000_01_0_00              ; NO-NMI
  356  03:F256  8D 00 20          sta      $2000
  357  03:F259  A9 0E             lda  #%000_01_110
  358  03:F25B  8D 01 20          sta      $2001
  359                     
  360           0000       .if 0
  374                      .endif
  375                     
  376                     
  377                             ; ROMバージョン一致チェック
  378  03:F25E  A9 00             lda  #0
  379  03:F260  AA                tax
  380  03:F261  A8                tay
  381                     
  382  03:F262            .loop2
  383  03:F262  BD F0 EF          lda  DB_ROM_VER,x
  384  03:F265  D9 00 04          cmp  PICO_DATA_BUF,y
  385  03:F268  D0 08             bne  .romverup
  386  03:F26A  C8                iny
  387  03:F26B  E8                inx
  388  03:F26C  E0 0E             cpx  #$0E
  389  03:F26E  D0 F2             bne  .loop2
  390                     
  391  03:F270  18                clc
  392  03:F271  60                rts
  393                     
  394  03:F272            .romverup
  395           0001       .if 1
  396  03:F272  E6 51             inc  <PICO_MODE
  397  03:F274  A5 51             lda  <PICO_MODE
  398  03:F276  C9 05             cmp  #5                         ; retry
  399  03:F278  F0 38             beq  .romv00
  400                      .endif
  401                     
  402           0001       .if 1
  403  03:F27A  20 99 FB          jsr  BR_VBLANK_START
  404                             SET_VRAM_ADD2   #$2000 + 32*4 + 1
       03:F27D  A9 20             lda #HIGH (#$2000 + 32*4 + 1)
       03:F27F  8D 06 20      sta $2006
       03:F282  A9 81             lda #LOW  (#$2000 + 32*4 + 1)
       03:F284  8D 06 20          sta $2006
  405                             SET_DATA_SRC  DB_ROM_VER
       03:F287  A9 F0             lda     #LOW (DB_ROM_VER)
       03:F289  85 08             sta     <SRC_ADR
       03:F28B  A9 EF             lda #HIGH (DB_ROM_VER)
       03:F28D  85 09         sta <SRC_ADR+1
  406  03:F28F  20 BB F1          jsr  BR_DRAW_STRING_SUB
  407                     
  408                             SET_VRAM_ADD2   #$2000 + 32*6 + 1
       03:F292  A9 20             lda #HIGH (#$2000 + 32*6 + 1)
       03:F294  8D 06 20      sta $2006
       03:F297  A9 C1             lda #LOW  (#$2000 + 32*6 + 1)
       03:F299  8D 06 20          sta $2006
  409                             SET_DATA_SRC  PICO_DATA_BUF
       03:F29C  A9 00             lda     #LOW (PICO_DATA_BUF)
       03:F29E  85 08             sta     <SRC_ADR
       03:F2A0  A9 04             lda #HIGH (PICO_DATA_BUF)
       03:F2A2  85 09         sta <SRC_ADR+1
  410  03:F2A4  20 BB F1          jsr  BR_DRAW_STRING_SUB
  411                     
  412  03:F2A7  20 8B FB          jsr  BR_VBLANK_END
  413                     
  414  03:F2AA  A2 1E             ldx  #30*1
  415  03:F2AC  20 81 FB          jsr  BR_WAIT_VBLANK_X           ; 表示ウェイト
  416                      .endif
  417  03:F2AF  4C 16 F2          jmp CHK_ROMVER
  418                     
  419  03:F2B2            .romv00
  420                     
  421  03:F2B2  AD 00 04          lda  PICO_DATA_BUF+0
  422  03:F2B5  C9 32             cmp  #'2'
  423  03:F2B7  D0 11             bne  .no_pico
  424  03:F2B9  AD 01 04          lda  PICO_DATA_BUF+1
  425  03:F2BC  C9 30             cmp  #'0'
  426  03:F2BE  D0 0A             bne  .no_pico
  427                     
  428  03:F2C0  A9 00             lda  #0
  429  03:F2C2  8D 00 20          sta      $2000
  430  03:F2C5  8D 01 20          sta      $2001
  431                     
  432                     ;       clc
  433  03:F2C8  38                sec
  434  03:F2C9  60                rts
  435                     
  436                     
  437  03:F2CA            .no_pico
  438  03:F2CA  20 99 FB          jsr  BR_VBLANK_START
  439                     
  440                             SET_VRAM_ADD2   #$2000 + 32*8 + 1
       03:F2CD  A9 21             lda #HIGH (#$2000 + 32*8 + 1)
       03:F2CF  8D 06 20      sta $2006
       03:F2D2  A9 01             lda #LOW  (#$2000 + 32*8 + 1)
       03:F2D4  8D 06 20          sta $2006
  441                     
  442                             BR_DRAW_STRING2 "PICO NOT FOUND"
       03:F2D7  A9 F2             LDA  #HIGH (.end00015 -1)
       03:F2D9  48                PHA
       03:F2DA  A9 F6             LDA  #LOW (.end00015 -1)
       03:F2DC  48                PHA
       03:F2DD  A9 E8             LDA  #LOW (.tbl00015 )
       03:F2DF  85 08             STA  <SRC_ADR+0
       03:F2E1  A9 F2             LDA  #HIGH (.tbl00015 )
       03:F2E3  85 09             sta  <SRC_ADR+1
       03:F2E5  4C BB F1          jmp  BR_DRAW_STRING_SUB
       03:F2E8            .tbl00015:
       03:F2E8  50 49 43      db  "PICO NOT FOUND",0
       03:F2EB  4F 20 4E  
       03:F2EE  4F 54 20  
       03:F2F1  46 4F 55  
       03:F2F4  4E 44 00  
       03:F2F7            .end00015:
  443                     
  444  03:F2F7  20 8B FB          jsr  BR_VBLANK_END
  445  03:F2FA  4C F3 F1          jmp  BR_ERROR_EMD
  446                     
  447                     
  448                     
  449                     
  450                     ;==============================================================================
  451                     ;
  452                     ;                                       起動時　メモリーテスト
  453                     ;
  454                     ;==============================================================================
  455  03:F2FD            BOOT_MEMTEST:
  456                     
  457  03:F2FD  A9 08             lda  #%000_01_0_00              ; NO-NMI
  458  03:F2FF  8D 00 20          sta      $2000
  459  03:F302  A9 0E             lda  #%000_01_110
  460  03:F304  8D 01 20          sta      $2001
  461                     
  462  03:F307  A2 1E             ldx  #30
  463  03:F309  20 81 FB          jsr  BR_WAIT_VBLANK_X           ; 拡張RAMが安定するまで0.5秒ウェイト
  464                     
  465                     
  466  03:F30C  20 09 F0          jsr  BEEP_PI
  467  03:F30F  A2 05             ldx  #5
  468  03:F311  20 81 FB          jsr  BR_WAIT_VBLANK_X
  469  03:F314  20 0C F0          jsr  BEEP_PO
  470                     
  471                             SET_VRAM_ADD2   #$2000 + 32*2 + 1
       03:F317  A9 20             lda #HIGH (#$2000 + 32*2 + 1)
       03:F319  8D 06 20      sta $2006
       03:F31C  A9 41             lda #LOW  (#$2000 + 32*2 + 1)
       03:F31E  8D 06 20          sta $2006
  472                             BR_DRAW_STRING2 "MEMORY"
       03:F321  A9 F3             LDA  #HIGH (.end00017 -1)
       03:F323  48                PHA
       03:F324  A9 38             LDA  #LOW (.end00017 -1)
       03:F326  48                PHA
       03:F327  A9 32             LDA  #LOW (.tbl00017 )
       03:F329  85 08             STA  <SRC_ADR+0
       03:F32B  A9 F3             LDA  #HIGH (.tbl00017 )
       03:F32D  85 09             sta  <SRC_ADR+1
       03:F32F  4C BB F1          jmp  BR_DRAW_STRING_SUB
       03:F332            .tbl00017:
       03:F332  4D 45 4D      db  "MEMORY",0
       03:F335  4F 52 59  
       03:F338  00        
       03:F339            .end00017:
  473                     
  474  03:F339  20 09 F4          jsr  .chkExRAM  ; 拡張RAMチェック
  475  03:F33C  B0 1E             bcs  .skip_01
  476                     
  477                             SET_VRAM_ADD2   #$2000 + 32*2 + 14
       03:F33E  A9 20             lda #HIGH (#$2000 + 32*2 + 14)
       03:F340  8D 06 20      sta $2006
       03:F343  A9 4E             lda #LOW  (#$2000 + 32*2 + 14)
       03:F345  8D 06 20          sta $2006
  478                             BR_DRAW_STRING2 "OK"
       03:F348  A9 F3             LDA  #HIGH (.end00019 -1)
       03:F34A  48                PHA
       03:F34B  A9 5B             LDA  #LOW (.end00019 -1)
       03:F34D  48                PHA
       03:F34E  A9 59             LDA  #LOW (.tbl00019 )
       03:F350  85 08             STA  <SRC_ADR+0
       03:F352  A9 F3             LDA  #HIGH (.tbl00019 )
       03:F354  85 09             sta  <SRC_ADR+1
       03:F356  4C BB F1          jmp  BR_DRAW_STRING_SUB
       03:F359            .tbl00019:
       03:F359  4F 4B 00      db  "OK",0
       03:F35C            .end00019:
  479                     
  480  03:F35C            .skip_01
  481                     
  482  03:F35C  A0 00             ldy  #0
  483                     
  484  03:F35E            .memchk_loop
  485  03:F35E  20 99 FB          jsr  BR_VBLANK_START
  486                             SET_VRAM_ADD2   #$2000 + 32*2 + 7
       03:F361  A9 20             lda #HIGH (#$2000 + 32*2 + 7)
       03:F363  8D 06 20      sta $2006
       03:F366  A9 47             lda #LOW  (#$2000 + 32*2 + 7)
       03:F368  8D 06 20          sta $2006
  487  03:F36B  20 1E F4          jsr  .MEMCHK_STR
  488  03:F36E  20 8B FB          jsr  BR_VBLANK_END
  489                     
  490  03:F371  C0 08             cpy  #8
  491  03:F373  F0 09             beq  .memchk_loop_end
  492                     
  493  03:F375  20 90 F4          jsr  MEMCHK_SUB
  494  03:F378  20 62 F4          jsr  .add_memchk_str
  495  03:F37B  C8                iny
  496  03:F37C  D0 E0             bne  .memchk_loop
  497  03:F37E            .memchk_loop_end
  498                     
  499  03:F37E  20 09 F4          jsr  .chkExRAM  ; 拡張RAMチェック
  500  03:F381  B0 03             bcs  .skip_exram00
  501  03:F383  4C 03 F4          jmp  .skip_exram
  502  03:F386            .skip_exram00
  503                             ;------------------------
  504                             ; EXRAMチェック
  505                             ;------------------------
  506                     
  507                     ;       ldx  #60
  508                     ;       jsr  WAIT_VBLANK_X
  509                     
  510  03:F386  20 99 FB          jsr  BR_VBLANK_START
  511                             SET_VRAM_ADD2   #$2000 + 32*2 + 14
       03:F389  A9 20             lda #HIGH (#$2000 + 32*2 + 14)
       03:F38B  8D 06 20      sta $2006
       03:F38E  A9 4E             lda #LOW  (#$2000 + 32*2 + 14)
       03:F390  8D 06 20          sta $2006
  512  03:F393  A9 2B             lda  #'+'
  513  03:F395  8D 07 20          sta  $2007
  514  03:F398  A9 00             lda  #0
  515  03:F39A  8D 07 20          sta  $2007
  516                             
  517                             SET_VRAM_ADD2   #$2000 + 32*2 + 23-1
       03:F39D  A9 20             lda #HIGH (#$2000 + 32*2 + 23-1)
       03:F39F  8D 06 20      sta $2006
       03:F3A2  A9 56             lda #LOW  (#$2000 + 32*2 + 23-1)
       03:F3A4  8D 06 20          sta $2006
  518                             BR_DRAW_STRING2 "OK"
       03:F3A7  A9 F3             LDA  #HIGH (.end00023 -1)
       03:F3A9  48                PHA
       03:F3AA  A9 BA             LDA  #LOW (.end00023 -1)
       03:F3AC  48                PHA
       03:F3AD  A9 B8             LDA  #LOW (.tbl00023 )
       03:F3AF  85 08             STA  <SRC_ADR+0
       03:F3B1  A9 F3             LDA  #HIGH (.tbl00023 )
       03:F3B3  85 09             sta  <SRC_ADR+1
       03:F3B5  4C BB F1          jmp  BR_DRAW_STRING_SUB
       03:F3B8            .tbl00023:
       03:F3B8  4F 4B 00      db  "OK",0
       03:F3BB            .end00023:
  519                     
  520  03:F3BB  20 8B FB          jsr  BR_VBLANK_END
  521                     
  522  03:F3BE  A0 00             ldy  #0
  523  03:F3C0  84 26             sty  <MEM_DISP+0
  524  03:F3C2  84 27             sty  <MEM_DISP+1
  525  03:F3C4  84 28             sty  <MEM_DISP+2
  526  03:F3C6  84 29             sty  <MEM_DISP+3
  527  03:F3C8  84 2A             sty  <MEM_DISP+4
  528                     
  529  03:F3CA  84 25             sty  <RAM_PAGE
  530                     
  531  03:F3CC            .memchk_loop3
  532                     ;@      lda  <RAM_PAGE
  533                     ;@      jsr  setWRAM_BANK
  534                     
  535  03:F3CC  A0 60             ldy  #$60
  536  03:F3CE            .memchk_loop2
  537  03:F3CE  20 99 FB          jsr  BR_VBLANK_START
  538                             SET_VRAM_ADD2   #$2000 + 32*2 + 16-1
       03:F3D1  A9 20             lda #HIGH (#$2000 + 32*2 + 16-1)
       03:F3D3  8D 06 20      sta $2006
       03:F3D6  A9 4F             lda #LOW  (#$2000 + 32*2 + 16-1)
       03:F3D8  8D 06 20          sta $2006
  539  03:F3DB  20 1E F4          jsr  .MEMCHK_STR
  540                     
  541  03:F3DE  20 8B FB          jsr  BR_VBLANK_END
  542                     
  543  03:F3E1  C0 80             cpy  #$80
  544                     ;       cpy  #$81       ; NG動作チェック用
  545  03:F3E3  F0 1E             beq  .memchk_loop2_end
  546                     
  547                     
  548  03:F3E5  20 90 F4          jsr  MEMCHK_SUB
  549  03:F3E8  20 62 F4          jsr  .add_memchk_str
  550  03:F3EB  20 90 F4          jsr  MEMCHK_SUB
  551  03:F3EE  20 62 F4          jsr  .add_memchk_str
  552  03:F3F1  20 90 F4          jsr  MEMCHK_SUB
  553  03:F3F4  20 62 F4          jsr  .add_memchk_str
  554  03:F3F7  20 90 F4          jsr  MEMCHK_SUB
  555  03:F3FA  20 62 F4          jsr  .add_memchk_str
  556                             
  557  03:F3FD  C8                iny
  558  03:F3FE  C8                iny
  559  03:F3FF  C8                iny
  560  03:F400  C8                iny
  561  03:F401  D0 CB             bne  .memchk_loop2
  562                     
  563  03:F403            .memchk_loop2_end
  564                     ;@      inc  <RAM_PAGE
  565                     ;@      lda  #4
  566                     ;@      cmp  <RAM_PAGE
  567                     ;@      bne  .memchk_loop3
  568                     
  569                     ;@      lda  #0
  570                     ;@      jsr  setWRAM_BANK
  571                     
  572  03:F403            .skip_exram
  573                             
  574  03:F403  A2 3C             ldx  #60
  575  03:F405  20 81 FB          jsr  BR_WAIT_VBLANK_X
  576                     
  577                     
  578  03:F408  60                rts
  579                     
  580                     ;===============================
  581                     ;       拡張RAMチェック ExRAMあればCFlag =1
  582                     ;===============================
  583  03:F409            .chkExRAM:
  584                             ; 拡張RAMチェック
  585  03:F409  AD 00 60          lda  $6000
  586  03:F40C  A8                tay
  587  03:F40D  49 FF             eor  #$FF
  588  03:F40F  8D 00 60          sta  $6000
  589  03:F412  CD 00 60          cmp  $6000
  590  03:F415  8C 00 60          sty  $6000
  591  03:F418  F0 02             beq  .skip_00
  592  03:F41A  18                clc
  593  03:F41B  60                rts
  594                     
  595  03:F41C            .skip_00
  596  03:F41C  38                sec
  597  03:F41D  60                rts
  598                     
  599                     
  600                     ;--------------------------------
  601                     ; メモリーチェック文字列セット
  602                     ; Y reg = 表示文字列インデックス
  603                     ;--------------------------------
  604  03:F41E            .MEMCHK_STR:
  605  03:F41E  84 06             sty  <TMP_SVY
  606  03:F420  A9 00             lda  #0
  607  03:F422  85 04             sta  <TMP_SVA
  608  03:F424  A0 30             ldy  #'0'
  609  03:F426  18                clc
  610                     
  611                     
  612  03:F427  A5 2A             lda  <MEM_DISP+4
  613  03:F429  F0 02             beq  .ms03
  614  03:F42B  84 04             sty  <TMP_SVA
  615  03:F42D            .ms03
  616  03:F42D  65 04             adc  <TMP_SVA
  617  03:F42F  8D 07 20          sta  $2007
  618                             
  619  03:F432  A5 29             lda  <MEM_DISP+3
  620  03:F434  F0 02             beq  .ms00
  621  03:F436  84 04             sty  <TMP_SVA
  622  03:F438            .ms00
  623  03:F438  65 04             adc  <TMP_SVA
  624  03:F43A  8D 07 20          sta  $2007
  625                             
  626  03:F43D  A5 28             lda  <MEM_DISP+2
  627  03:F43F  F0 02             beq  .ms01
  628  03:F441  84 04             sty  <TMP_SVA
  629  03:F443            .ms01
  630  03:F443  65 04             adc  <TMP_SVA
  631  03:F445  8D 07 20          sta  $2007
  632                             
  633  03:F448  A5 27             lda  <MEM_DISP+1
  634  03:F44A  F0 02             beq  .ms02
  635  03:F44C  84 04             sty  <TMP_SVA
  636  03:F44E            .ms02
  637  03:F44E  65 04             adc  <TMP_SVA
  638  03:F450  8D 07 20          sta  $2007
  639                     
  640  03:F453  A5 26             lda  <MEM_DISP+0
  641  03:F455  69 30             adc  #'0'
  642  03:F457  8D 07 20          sta  $2007
  643                     
  644  03:F45A  A9 42             lda  #'B'
  645  03:F45C  8D 07 20          sta  $2007
  646  03:F45F  A4 06             ldy  <TMP_SVY
  647  03:F461  60                rts
  648                     
  649                     
  650  03:F462            .add_memchk_str
  651  03:F462  86 05             stx  <TMP_SVX
  652                     
  653                             ; MEM_DISPに256加算
  654  03:F464  18                clc
  655  03:F465  A5 26             lda  <MEM_DISP+0
  656  03:F467  69 06             adc  #6
  657  03:F469  85 26             sta  <MEM_DISP+0
  658                             
  659  03:F46B  A5 27             lda  <MEM_DISP+1
  660  03:F46D  69 05             adc  #5
  661  03:F46F  85 27             sta  <MEM_DISP+1
  662                             
  663  03:F471  A5 28             lda  <MEM_DISP+2
  664  03:F473  69 02             adc  #2
  665  03:F475  85 28             sta  <MEM_DISP+2
  666                             
  667                             ; 10進数補正
  668  03:F477  A2 00             ldx  #0
  669  03:F479            .loop_ms00
  670  03:F479  BD 26 00          lda  MEM_DISP,x
  671  03:F47C  C9 0A             cmp  #10
  672  03:F47E  90 08             bcc  .next_ms00
  673  03:F480  E9 0A             sbc  #10
  674  03:F482  9D 26 00          sta  MEM_DISP,x
  675  03:F485  FE 27 00          inc  MEM_DISP+1,x
  676  03:F488            .next_ms00
  677  03:F488  E8                inx
  678  03:F489  E0 05             cpx  #5
  679  03:F48B  D0 EC             bne  .loop_ms00
  680                     
  681  03:F48D  A6 05             ldx  <TMP_SVX
  682  03:F48F  60                rts
  683                     
  684                     
  685                     ;--------------------------------
  686                     ; メモリーチェック文字列セット
  687                     ; Y reg = チェックアドレスインデックス
  688                     ;--------------------------------
  689  03:F490            MEMCHK_SUB:
  690  03:F490  C0 00             cpy  #0
  691  03:F492  D0 1B             bne  .ram_nozp
  692                     
  693  03:F494            .loop_zp
  694  03:F494  B9 00 00          lda  $0000,y
  695  03:F497  49 FF             eor  #$FF
  696  03:F499  99 00 00          sta  $0000,y
  697  03:F49C  D9 00 00          cmp  $0000,y
  698  03:F49F  D0 2E             bne  .MEMCHK_ERROR
  699  03:F4A1  49 FF             eor  #$FF
  700  03:F4A3  99 00 00          sta  $0000,y
  701  03:F4A6  D9 00 00          cmp  $0000,y
  702  03:F4A9  D0 24             bne  .MEMCHK_ERROR
  703                     
  704  03:F4AB  C8                iny
  705  03:F4AC  D0 E6             bne  .loop_zp
  706  03:F4AE  60                rts
  707                     
  708  03:F4AF            .ram_nozp
  709  03:F4AF  98                tya
  710  03:F4B0  48                pha
  711                     ;       cmp  #8
  712                     ;       beq  .skip
  713  03:F4B1  85 0B             sta  <DST_ADR+1
  714  03:F4B3  A0 00             ldy  #0
  715  03:F4B5  84 0A             sty  <DST_ADR+0
  716  03:F4B7            .loop_nozp
  717  03:F4B7  B1 0A             lda  [DST_ADR],y
  718  03:F4B9  49 FF             eor  #$FF
  719  03:F4BB  91 0A             sta  [DST_ADR],y
  720  03:F4BD  D1 0A             cmp  [DST_ADR],y
  721  03:F4BF  D0 0E             bne  .MEMCHK_ERROR
  722  03:F4C1  49 FF             eor  #$FF
  723  03:F4C3  91 0A             sta  [DST_ADR],y
  724  03:F4C5  D1 0A             cmp  [DST_ADR],y
  725  03:F4C7  D0 06             bne  .MEMCHK_ERROR
  726                     
  727  03:F4C9  C8                iny
  728  03:F4CA  D0 EB             bne  .loop_nozp
  729                     ;.skip
  730  03:F4CC  68                pla
  731  03:F4CD  A8                tay
  732  03:F4CE  60                rts
  733                     
  734                     
  735  03:F4CF            .MEMCHK_ERROR:
  736                             SET_VRAM_ADD2   #$2000 + 32*12 + 14
       03:F4CF  A9 21             lda #HIGH (#$2000 + 32*12 + 14)
       03:F4D1  8D 06 20      sta $2006
       03:F4D4  A9 8E             lda #LOW  (#$2000 + 32*12 + 14)
       03:F4D6  8D 06 20          sta $2006
  737  03:F4D9  A5 0B             lda  <DST_ADR+1
  738  03:F4DB  C9 40             cmp  #$40
  739  03:F4DD  90 0A             bcc  .mce_00
  740                     
  741                             SET_VRAM_ADD2   #$2000 + 32*12 + 23-1
       03:F4DF  A9 21             lda #HIGH (#$2000 + 32*12 + 23-1)
       03:F4E1  8D 06 20      sta $2006
       03:F4E4  A9 96             lda #LOW  (#$2000 + 32*12 + 23-1)
       03:F4E6  8D 06 20          sta $2006
  742  03:F4E9            .mce_00
  743                             
  744  03:F4E9  A9 4E             lda  #'N'
  745  03:F4EB  8D 07 20          sta  $2007
  746  03:F4EE  A9 47             lda  #'G'
  747  03:F4F0  8D 07 20          sta  $2007
  748                             BEEP $104,%11110011
       03:F4F3  A9 00             lda #0
       03:F4F5  8D 15 40          sta $4015
                          
                          ;       lda $4015               ; サウンドレジスタ
                          ;       ora #%00000001  ; 矩形波チャンネル１を有効にする
       03:F4F8  A9 01             lda #%00000001  ; 矩形波チャンネル１を有効にする
       03:F4FA  8D 15 40          sta $4015
                          
       03:F4FD  A9 BF             lda #%10111111  ; Duty比・長さ無効・減衰無効・減衰率
       03:F4FF  8D 00 40          sta $4000       ; 矩形波チャンネル１制御レジスタ１
                          
                          ;       lda #%10101011  ; スイープ有効・変化率・方向・変化量
                          ;       lda #%00101011  ; スイープ有効・変化率・方向・変化量
       03:F502  A9 F3             lda #(%11110011)       ; スイープ有効・変化率・方向・変化量
       03:F504  8D 01 40          sta $4001       ; 矩形波チャンネル１制御レジスタ２
                                  
       03:F507  A9 04             lda #LOW($104)    ; 周波数(下位8ビット)
       03:F509  8D 02 40          sta $4002       ; 矩形波チャンネル１周波数レジスタ１
       03:F50C  A9 F9             lda #%11111000 +(HIGH($104) &7)   ; 再生時間・周波数(上位3ビット)
       03:F50E  8D 03 40          sta $4003       ; 矩形波チャンネル１周波数レジスタ２
                          
  749  03:F511            .loop_me
  750  03:F511  A9 00             lda  #0
  751  03:F513  20 81 FB          jsr  BR_WAIT_VBLANK_X
  752                     
  753  03:F516  4C 11 F5          jmp  .loop_me
  754                     
  755                     
  756                     
  757                     ;==============================================================================
  758                     ;
  759                     ;                                       ROM消去システム
  760                     ;
  761                     ;==============================================================================
  762  03:F519            ROM_ERACE:
  763  03:F519  20 09 F0          jsr  BEEP_PI
  764  03:F51C  A9 08             lda  #%000_01_0_00              ; NO-NMI
  765  03:F51E  8D 00 20          sta      $2000
  766  03:F521  A9 0E             lda  #%000_01_110
  767  03:F523  8D 01 20          sta      $2001
  768                             SET_DATA_DST  $8000
       03:F526  A9 00             lda     #LOW ($8000)
       03:F528  85 0A             sta     <DST_ADR
       03:F52A  A9 80             lda #HIGH ($8000)
       03:F52C  85 0B         sta <DST_ADR +1
  769                             
  770  03:F52E            .loop
  771  03:F52E  A0 00             ldy  #0
  772  03:F530  B1 0A             lda  [DST_ADR],y
  773  03:F532  C9 FF             cmp  #$FF
  774  03:F534  D0 0E             bne  .erace
  775                     
  776  03:F536  E6 0A             inc  <DST_ADR +0
  777  03:F538  D0 F4             bne  .loop
  778  03:F53A  E6 0B             inc  <DST_ADR +1
  779  03:F53C  A5 0B             lda  <DST_ADR +1
  780  03:F53E  C9 F0             cmp  #$F0                       ; 消去終了アドレス
  781  03:F540  F0 48             beq  .loop_end
  782  03:F542  D0 EA             bne  .loop
  783                     
  784  03:F544            .erace
  785  03:F544  20 99 FB          jsr  BR_VBLANK_START
  786                             SET_VRAM_ADD2   #$2000 + 32*4 + 1
       03:F547  A9 20             lda #HIGH (#$2000 + 32*4 + 1)
       03:F549  8D 06 20      sta $2006
       03:F54C  A9 81             lda #LOW  (#$2000 + 32*4 + 1)
       03:F54E  8D 06 20          sta $2006
  787                             BR_DRAW_STRING2 "ROM ERACE "
       03:F551  A9 F5             LDA  #HIGH (.end00030 -1)
       03:F553  48                PHA
       03:F554  A9 6C             LDA  #LOW (.end00030 -1)
       03:F556  48                PHA
       03:F557  A9 62             LDA  #LOW (.tbl00030 )
       03:F559  85 08             STA  <SRC_ADR+0
       03:F55B  A9 F5             LDA  #HIGH (.tbl00030 )
       03:F55D  85 09             sta  <SRC_ADR+1
       03:F55F  4C BB F1          jmp  BR_DRAW_STRING_SUB
       03:F562            .tbl00030:
       03:F562  52 4F 4D      db  "ROM ERACE ",0
       03:F565  20 45 52  
       03:F568  41 43 45  
       03:F56B  20 00     
       03:F56D            .end00030:
  788  03:F56D  A5 0B             lda  <DST_ADR+1
  789  03:F56F  29 F0             and  #$F0
  790  03:F571  20 CE F1          jsr  BR_DRAW_HEX_BYTE
  791  03:F574  A9 00             lda  #0
  792  03:F576  20 CE F1          jsr  BR_DRAW_HEX_BYTE
  793                     
  794  03:F579  A9 00             lda  #0
  795  03:F57B  8D 07 20          sta  $2007
  796  03:F57E  8D 07 20          sta  $2007
  797                             
  798  03:F581  20 8B FB          jsr  BR_VBLANK_END
  799                     
  800                             ; 消去コマンド実行
  801  03:F584  20 C2 F5          jsr  CPU_FlashSectorElase
  802  03:F587  4C 2E F5          jmp  .loop
  803                     
  804  03:F58A            .loop_end
  805  03:F58A  20 99 FB          jsr  BR_VBLANK_START
  806                             SET_VRAM_ADD2   #$2000 + 32*4 + 1
       03:F58D  A9 20             lda #HIGH (#$2000 + 32*4 + 1)
       03:F58F  8D 06 20      sta $2006
       03:F592  A9 81             lda #LOW  (#$2000 + 32*4 + 1)
       03:F594  8D 06 20          sta $2006
  807                             BR_DRAW_STRING2 "ROM ERACE END "
       03:F597  A9 F5             LDA  #HIGH (.end00032 -1)
       03:F599  48                PHA
       03:F59A  A9 B6             LDA  #LOW (.end00032 -1)
       03:F59C  48                PHA
       03:F59D  A9 A8             LDA  #LOW (.tbl00032 )
       03:F59F  85 08             STA  <SRC_ADR+0
       03:F5A1  A9 F5             LDA  #HIGH (.tbl00032 )
       03:F5A3  85 09             sta  <SRC_ADR+1
       03:F5A5  4C BB F1          jmp  BR_DRAW_STRING_SUB
       03:F5A8            .tbl00032:
       03:F5A8  52 4F 4D      db  "ROM ERACE END ",0
       03:F5AB  20 45 52  
       03:F5AE  41 43 45  
       03:F5B1  20 45 4E  
       03:F5B4  44 20 00  
       03:F5B7            .end00032:
  808  03:F5B7  20 8B FB          jsr  BR_VBLANK_END
  809                     
  810  03:F5BA  A2 3C             ldx  #60*1
  811  03:F5BC  20 81 FB          jsr  BR_WAIT_VBLANK_X           ; 拡張RAMが安定するまで0.5秒ウェイト
  812                     
  813  03:F5BF  4C 00 F0          jmp  INIT
  814                     
  815                     
  816                     ;-----------------------------------
  817                     ; CPU FLASHセクターイレースコマンド
  818                     ;-----------------------------------
  819           0000       .if 0
  827                      .endif
  828                     
  829                     ;-----------------------------------
  830  03:F5C2            CPU_FlashSectorElase:
  831  03:F5C2  A0 00             ldy  #0
  832  03:F5C4            .loop_cpy
  833  03:F5C4  B9 D6 F5          lda  .mem_exec_st,y
  834  03:F5C7  99 00 05          sta  FLASH_EXEC_BUF,y
  835  03:F5CA  C8                iny
  836  03:F5CB  C0 2C             cpy  #(.mem_exec_end - .mem_exec_st)
  837  03:F5CD  D0 F5             bne  .loop_cpy
  838  03:F5CF  08                php
  839  03:F5D0  78                sei
  840  03:F5D1  20 00 05          jsr  FLASH_EXEC_BUF
  841                     
  842  03:F5D4  28                plp
  843  03:F5D5  60                rts
  844                             
  845  03:F5D6            .mem_exec_st
  846  03:F5D6  A9 AA             lda  #$AA
  847  03:F5D8  8D 55 D5          sta  $D555
  848                     
  849  03:F5DB  A9 55             lda  #$55
  850  03:F5DD  8D AA AA          sta  $AAAA
  851                     
  852  03:F5E0  A9 80             lda  #$80
  853  03:F5E2  8D 55 D5          sta  $D555
  854                             
  855  03:F5E5  A9 AA             lda  #$AA
  856  03:F5E7  8D 55 D5          sta  $D555
  857                             
  858  03:F5EA  A9 55             lda  #$55
  859  03:F5EC  8D AA AA          sta  $AAAA
  860                     
  861  03:F5EF  A0 00             ldy  #0
  862  03:F5F1  A9 30             lda  #$30
  863  03:F5F3  91 0A             sta  [DST_ADR],y
  864                     
  865                             ; Q3 タイムアウトビットチェック
  866  03:F5F5            .loop_to
  867  03:F5F5  AD 00 80          lda  $8000 + $000
  868  03:F5F8  29 08             and  #$08
  869  03:F5FA  D0 F9             bne  .loop_to
  870                     
  871                             ; Q6 トグルビットチェック
  872                     
  873  03:F5FC            .loop_tc
  874  03:F5FC  AD 00 80          lda  $8000 + $000
  875  03:F5FF  10 FB             bpl  .loop_tc
  876                     
  877  03:F601            .write_end
  878  03:F601            .time_limit_over
  879                     
  880                             ; セクター消去中断
  881  03:F601  60                rts
  882  03:F602            .mem_exec_end
  883                     
  884                     
  885                     
  886                     ;==============================================================================
  887                     ;
  888                     ;                                       ROM更新システム
  889                     ;
  890                     ;==============================================================================
  891  03:F602            ROM_UPDATE:
  892  03:F602  20 0C F0          jsr  BEEP_PO
  893  03:F605  A9 08             lda  #%000_01_0_00              ; NO-NMI
  894  03:F607  8D 00 20          sta      $2000
  895  03:F60A  A9 0E             lda  #%000_01_110
  896  03:F60C  8D 01 20          sta      $2001
  897                     
  898                     
  899  03:F60F  20 99 FB          jsr  BR_VBLANK_START
  900                             SET_VRAM_ADD2   #$2000 + 32*2 + 1
       03:F612  A9 20             lda #HIGH (#$2000 + 32*2 + 1)
       03:F614  8D 06 20      sta $2006
       03:F617  A9 41             lda #LOW  (#$2000 + 32*2 + 1)
       03:F619  8D 06 20          sta $2006
  901                             BR_DRAW_STRING2 "ROM UPDATE"
       03:F61C  A9 F6             LDA  #HIGH (.end00034 -1)
       03:F61E  48                PHA
       03:F61F  A9 37             LDA  #LOW (.end00034 -1)
       03:F621  48                PHA
       03:F622  A9 2D             LDA  #LOW (.tbl00034 )
       03:F624  85 08             STA  <SRC_ADR+0
       03:F626  A9 F6             LDA  #HIGH (.tbl00034 )
       03:F628  85 09             sta  <SRC_ADR+1
       03:F62A  4C BB F1          jmp  BR_DRAW_STRING_SUB
       03:F62D            .tbl00034:
       03:F62D  52 4F 4D      db  "ROM UPDATE",0
       03:F630  20 55 50  
       03:F633  44 41 54  
       03:F636  45 00     
       03:F638            .end00034:
  902  03:F638  20 8B FB          jsr  BR_VBLANK_END
  903                     
  904  03:F63B  A2 78             ldx  #60*2
  905  03:F63D  20 81 FB          jsr  BR_WAIT_VBLANK_X
  906                     
  907  03:F640  20 99 FB          jsr  BR_VBLANK_START
  908                     
  909                             
  910                             ; 表示OFF
  911  03:F643  A9 06             lda  #%000_00_110
  912  03:F645  8D 01 20          sta      $2001
  913                     
  914                     
  915                             SET_DATA_SRC  FLASH_SAVE_BUF
       03:F648  A9 00             lda     #LOW (FLASH_SAVE_BUF)
       03:F64A  85 08             sta     <SRC_ADR
       03:F64C  A9 04             lda #HIGH (FLASH_SAVE_BUF)
       03:F64E  85 09         sta <SRC_ADR+1
  916                             SET_DATA_DST  $8000
       03:F650  A9 00             lda     #LOW ($8000)
       03:F652  85 0A             sta     <DST_ADR
       03:F654  A9 80             lda #HIGH ($8000)
       03:F656  85 0B         sta <DST_ADR +1
  917                     
  918                             SET_VRAM_ADD2   #$0800
       03:F658  A9 08             lda #HIGH (#$0800)
       03:F65A  8D 06 20      sta $2006
       03:F65D  A9 00             lda #LOW  (#$0800)
       03:F65F  8D 06 20          sta $2006
  919  03:F662  A9 3F             lda  #FP_COM_ROM
  920  03:F664  8D 07 20          sta  $2007
  921  03:F667  20 ED F1          jsr  BR_PICO_COM_WAIT
  922  03:F66A  A5 0B             lda  <DST_ADR+1
  923  03:F66C  8D 07 20          sta  $2007
  924                     
  925                     
  926  03:F66F            .loop
  927                     
  928                             ;----------------------------
  929                             ; ROM データリクエスト
  930                             ;----------------------------
  931                             SET_VRAM_ADD2   #$0800
       03:F66F  A9 08             lda #HIGH (#$0800)
       03:F671  8D 06 20      sta $2006
       03:F674  A9 00             lda #LOW  (#$0800)
       03:F676  8D 06 20          sta $2006
  932  03:F679  A9 3F             lda  #FP_COM_ROM
  933  03:F67B  8D 07 20          sta  $2007
  934  03:F67E  A5 0B             lda  <DST_ADR+1
  935  03:F680  8D 07 20          sta  $2007
  936                     
  937  03:F683  20 ED F1          jsr  BR_PICO_COM_WAIT
  938                     
  939                             ; PICOからデータ取得
  940                             SET_VRAM_ADD2   #$0800
       03:F686  A9 08             lda #HIGH (#$0800)
       03:F688  8D 06 20      sta $2006
       03:F68B  A9 00             lda #LOW  (#$0800)
       03:F68D  8D 06 20          sta $2006
  941  03:F690  AD 07 20          lda  $2007      ; ダミーリード
  942                     ;.head
  943                     ;       lda  $2007      ; ヘッダーチェック
  944                     ;       cmp  #'C'
  945                     ;       bne  .head
  946                     
  947                     
  948                             ; 書き込みコマンド実行
  949  03:F693  A9 00             lda  #0
  950  03:F695  85 00             sta  <W_AR+0
  951  03:F697  20 E0 F6          jsr  CPU_FlashPorgram
  952                     
  953                             
  954  03:F69A  E6 0B             inc  <DST_ADR +1
  955  03:F69C  A5 0B             lda  <DST_ADR +1
  956  03:F69E  C9 F0             cmp  #$F0                       ; 消去終了アドレス
  957  03:F6A0  D0 CD             bne  .loop
  958                     
  959                     
  960  03:F6A2            .loop_end
  961                             ; 表示ON
  962  03:F6A2  A9 0E             lda  #%000_01_110
  963  03:F6A4  8D 01 20          sta      $2001
  964                     
  965  03:F6A7  20 99 FB          jsr  BR_VBLANK_START
  966                             SET_VRAM_ADD2   #$2000 + 32*2 + 1
       03:F6AA  A9 20             lda #HIGH (#$2000 + 32*2 + 1)
       03:F6AC  8D 06 20      sta $2006
       03:F6AF  A9 41             lda #LOW  (#$2000 + 32*2 + 1)
       03:F6B1  8D 06 20          sta $2006
  967                             BR_DRAW_STRING2 "ROM UPDATE END "
       03:F6B4  A9 F6             LDA  #HIGH (.end00041 -1)
       03:F6B6  48                PHA
       03:F6B7  A9 D4             LDA  #LOW (.end00041 -1)
       03:F6B9  48                PHA
       03:F6BA  A9 C5             LDA  #LOW (.tbl00041 )
       03:F6BC  85 08             STA  <SRC_ADR+0
       03:F6BE  A9 F6             LDA  #HIGH (.tbl00041 )
       03:F6C0  85 09             sta  <SRC_ADR+1
       03:F6C2  4C BB F1          jmp  BR_DRAW_STRING_SUB
       03:F6C5            .tbl00041:
       03:F6C5  52 4F 4D      db  "ROM UPDATE END ",0
       03:F6C8  20 55 50  
       03:F6CB  44 41 54  
       03:F6CE  45 20 45  
       03:F6D1  4E 44 20  
       03:F6D4  00        
       03:F6D5            .end00041:
  968  03:F6D5  20 8B FB          jsr  BR_VBLANK_END
  969                     
  970  03:F6D8  A2 3C             ldx  #60*1
  971  03:F6DA  20 81 FB          jsr  BR_WAIT_VBLANK_X
  972                     
  973  03:F6DD  4C 00 F0          jmp  INIT
  974                     ;       DEBUG_HALT
  975                     
  976                     
  977                     
  978                     ;-----------------------------------
  979                     ; CPU FLASHセクタープログラム
  980                     ;-----------------------------------
  981                     ; in:  SRC_ADR データアドレス
  982                     ; in:  DST_ADR 書き込むアドレス
  983                     ; in:  W_AR+0  書き込むサイズ
  984                     ;
  985                     ; zフラグがNZならエラー終了
  986                     
  987  03:F6E0            CPU_FlashPorgram:
  988  03:F6E0  A0 00             ldy  #0
  989  03:F6E2            .loop_cpy
  990  03:F6E2  B9 F4 F6          lda  .mem_exec_st,y
  991  03:F6E5  99 00 05          sta  FLASH_EXEC_BUF,y
  992  03:F6E8  C8                iny
  993  03:F6E9  C0 35             cpy  #(.mem_exec_end - .mem_exec_st)
  994  03:F6EB  D0 F5             bne  .loop_cpy
  995  03:F6ED  08                php
  996  03:F6EE  78                sei
  997  03:F6EF  20 00 05          jsr  FLASH_EXEC_BUF
  998  03:F6F2  28                plp
  999  03:F6F3  60                rts
 1000                             
 1001  03:F6F4            .mem_exec_st
 1002                     
 1003  03:F6F4  A0 00             ldy  #0
 1004  03:F6F6            .loop_write
 1005  03:F6F6  B1 0A             lda  [DST_ADR],y
 1006  03:F6F8  C9 FF             cmp  #$FF
 1007  03:F6FA  D0 2A             bne  .error_end
 1008                     
 1009  03:F6FC  A9 AA             lda  #$AA
 1010  03:F6FE  8D 55 D5          sta  $D555
 1011                     
 1012  03:F701  A9 55             lda  #$55
 1013  03:F703  8D AA AA          sta  $AAAA
 1014                     
 1015  03:F706  A9 A0             lda  #$A0
 1016  03:F708  8D 55 D5          sta  $D555
 1017                             
 1018  03:F70B  AD 07 20          lda  $2007      ; ダミーリード
 1019  03:F70E  91 08             sta  [SRC_ADR],y
 1020  03:F710  91 0A             sta  [DST_ADR],y
 1021                     
 1022                     ;       BEEP $104,%11110011
 1023                     
 1024                             ; Q6 トグルビットチェック
 1025  03:F712            .loop_tc
 1026  03:F712  AD 00 80          lda  $8000 + $000
 1027  03:F715  CD 00 80          cmp  $8000 + $000
 1028  03:F718  D0 F8             bne  .loop_tc
 1029                     
 1030                             ; 強制リードモード
 1031                     
 1032  03:F71A  B1 08             lda  [SRC_ADR],y
 1033  03:F71C  D1 0A             cmp  [DST_ADR],y
 1034  03:F71E  D0 06             bne  .error_end
 1035                     
 1036  03:F720  C8                iny
 1037  03:F721  C4 00             cpy  <W_AR+0
 1038  03:F723  D0 D1             bne  .loop_write
 1039  03:F725  60                rts
 1040                     
 1041  03:F726            .error_end
 1042  03:F726  4C F3 F1          jmp  BR_ERROR_EMD
 1043                     
 1044  03:F729            .mem_exec_end
 1045                     
 1046                     
 1047                     ;==============================================================================
 1048                     ;
 1049                     ;                                       システムFONT
 1050                     ;
 1051                     ;==============================================================================
 1052  03:F729            BR_TRANS_SYS_FONT:
 1053  03:F729  E6 B3             inc  <NMI_FLG
 1054                     
 1055                             SET_DATA_SRC CHR_SYS_FONT
       03:F72B  A9 81             lda     #LOW (CHR_SYS_FONT)
       03:F72D  85 08             sta     <SRC_ADR
       03:F72F  A9 F7             lda #HIGH (CHR_SYS_FONT)
       03:F731  85 09         sta <SRC_ADR+1
 1056                             SET_VRAM_ADD2 $0000
       03:F733  A9 00             lda #HIGH ($0000)
       03:F735  8D 06 20      sta $2006
       03:F738  A9 00             lda #LOW  ($0000)
       03:F73A  8D 06 20          sta $2006
 1057                     
 1058  03:F73D  A2 80             ldx  #128
 1059  03:F73F            .loop
 1060  03:F73F  20 60 F7          jsr  .SYS_FONT_TRANS
 1061  03:F742  CA                dex
 1062  03:F743  D0 FA             bne  .loop
 1063                     
 1064                             SET_DATA_SRC CHR_SYS_FONT
       03:F745  A9 81             lda     #LOW (CHR_SYS_FONT)
       03:F747  85 08             sta     <SRC_ADR
       03:F749  A9 F7             lda #HIGH (CHR_SYS_FONT)
       03:F74B  85 09         sta <SRC_ADR+1
 1065                             SET_VRAM_ADD2 $1000
       03:F74D  A9 10             lda #HIGH ($1000)
       03:F74F  8D 06 20      sta $2006
       03:F752  A9 00             lda #LOW  ($1000)
       03:F754  8D 06 20          sta $2006
 1066                             
 1067  03:F757  A2 80             ldx  #128
 1068  03:F759            .loop2
 1069  03:F759  20 60 F7          jsr  .SYS_FONT_TRANS
 1070  03:F75C  CA                dex
 1071  03:F75D  D0 FA             bne  .loop2
 1072                             
 1073  03:F75F  60                rts
 1074                     
 1075                     ;=======================
 1076                     ; FONT DATA TRANS
 1077                     ;=======================
 1078                     
 1079  03:F760            .SYS_FONT_TRANS:
 1080  03:F760  20 74 F7          jsr  .sft_sub
 1081  03:F763  20 74 F7          jsr  .sft_sub
 1082  03:F766  A5 08             lda  <SRC_ADR+0
 1083  03:F768  18                clc
 1084  03:F769  69 08             adc  #8
 1085  03:F76B  85 08             sta  <SRC_ADR+0
 1086  03:F76D  A5 09             lda  <SRC_ADR+1
 1087  03:F76F  69 00             adc  #0
 1088  03:F771  85 09             sta  <SRC_ADR+1
 1089  03:F773  60                rts
 1090                     
 1091  03:F774            .sft_sub
 1092  03:F774  A0 00             ldy  #0
 1093  03:F776            .sft_loop
 1094  03:F776  B1 08             lda  [SRC_ADR],y
 1095  03:F778  8D 07 20          sta  $2007
 1096  03:F77B  C8                iny
 1097  03:F77C  C0 08             cpy  #8
 1098  03:F77E  D0 F6             bne  .sft_loop
 1099  03:F780  60                rts
 1100                     
 1101                     
 1102                     
 1103  03:F781            CHR_SYS_FONT:
 1104  03:F781                    .INCBIN         "font1b_0.chr"
 1105                     
 1106                     ;==============================================================================
 1107                     ;
 1108                     ;                                       NMI禁止型　画面表示システム　BOOTROM用
 1109                     ;
 1110                     ;==============================================================================
 1111                     
 1112                     ;--------------------------------
 1113                     ; Xレジで指定フレームウェイト
 1114                     ;--------------------------------
 1115  03:FB81            BR_WAIT_VBLANK_X:
 1116  03:FB81  20 99 FB          jsr  BR_VBLANK_START
 1117                     
 1118  03:FB84  20 8B FB          jsr  BR_VBLANK_END
 1119                     
 1120  03:FB87  CA                dex
 1121  03:FB88  D0 F7             bne  BR_WAIT_VBLANK_X
 1122  03:FB8A  60                rts
 1123                     
 1124                     
 1125  03:FB8B            BR_VBLANK_END:
 1126                             RESET_SCR_XY
       03:FB8B  A9 00             lda  #0
       03:FB8D  8D 05 20          sta  $2005
       03:FB90  8D 05 20          sta  $2005
 1127                             WAIT_VBLANK_END
       03:FB93            .wait_loop00047
       03:FB93  2C 02 20          bit      $2002  ;ppu__status
       03:FB96  30 FB             bmi     .wait_loop00047
 1128  03:FB98  60                rts
 1129                     
 1130                     
 1131  03:FB99            BR_VBLANK_START:
 1132                     ;       jsr   KEY_RTN           ;--- キー入力チェック -----
 1133                             WAIT_VBLANK
       03:FB99            .wait_loop00048
       03:FB99  2C 02 20          bit      $2002  ;ppu__status
       03:FB9C  10 FB             bpl     .wait_loop00048
 1134                     
 1135                     ;--- スプライトDMA転送 ----- （※512 clock消費）
 1136                     ;       lda  #2                 ;ここに必要
 1137                     ;       sta  $4014              ;ここに必要
 1138  03:FB9E  60                rts
 1139                     
 1140                     
 1141                     
 1142                     ;===============================
 1143                     ;       起動音「ピ」
 1144                     ;===============================
 1145  03:FB9F            BR_BEEP_PI:
 1146  03:FB9F  A9 00             lda #0
 1147  03:FBA1  8D 15 40          sta $4015
 1148                     
 1149  03:FBA4  A9 01             lda #%00000001  ; 矩形波チャンネル１を有効にする
 1150  03:FBA6  8D 15 40          sta $4015
 1151                             
 1152  03:FBA9  A9 9F             lda #%10_01_1111        ; Duty比・長さ無効・減衰無効・減衰率
 1153  03:FBAB  8D 00 40          sta $4000       ; 矩形波チャンネル１制御レジスタ１
 1154  03:FBAE  A9 00             lda #%0_000_0_000       ; スイープ有効・変化率・方向・変化量
 1155  03:FBB0  8D 01 40          sta $4001       ; 矩形波チャンネル１制御レジスタ２
 1156  03:FBB3  A9 38             lda #56                 ; 周波数(下位8ビット)
 1157                     ;       lda #112                ; 周波数(下位8ビット)
 1158  03:FBB5  8D 02 40          sta $4002       ; 矩形波チャンネル１周波数レジスタ１
 1159  03:FBB8  A9 00             lda #%00000_000 +(HIGH(0) &7)   ; 再生時間・周波数(上位3ビット)
 1160  03:FBBA  8D 03 40          sta $4003       ; 矩形波チャンネル１周波数レジスタ２
 1161  03:FBBD  60                rts
 1162                     
 1163                     
 1164                     ;===============================
 1165                     ;       起動音「ポ」
 1166                     ;===============================
 1167  03:FBBE            BR_BEEP_PO:
 1168  03:FBBE  A9 00             lda #0
 1169  03:FBC0  8D 15 40          sta $4015
 1170                     
 1171  03:FBC3  A9 01             lda #%00000001  ; 矩形波チャンネル１を有効にする
 1172  03:FBC5  8D 15 40          sta $4015
 1173                             
 1174  03:FBC8  A9 9F             lda #%10_01_1111        ; Duty比・長さ無効・減衰無効・減衰率
 1175  03:FBCA  8D 00 40          sta $4000       ; 矩形波チャンネル１制御レジスタ１
 1176  03:FBCD  A9 00             lda #%0_000_0_000       ; スイープ有効・変化率・方向・変化量
 1177  03:FBCF  8D 01 40          sta $4001       ; 矩形波チャンネル１制御レジスタ２
 1178  03:FBD2  A9 70             lda #112                ; 周波数(下位8ビット)
 1179  03:FBD4  8D 02 40          sta $4002       ; 矩形波チャンネル１周波数レジスタ１
 1180  03:FBD7  A9 00             lda #%00000_000 +(HIGH(0) &7)   ; 再生時間・周波数(上位3ビット)
 1181  03:FBD9  8D 03 40          sta $4003       ; 矩形波チャンネル１周波数レジスタ２
 1182  03:FBDC  60                rts
 1183                     
 1184                     
#[1]   PG_main.asm
  106                     
  107           FFF9              ORG     $FFF9
  108  03:FFF9  00                DB  $00         ; バンク判定用
  109  03:FFFA  00 ED             DW      ROM_NMI_ENTRY
  110  03:FFFC  00 F0             DW      INIT
  111  03:FFFE  80 EE             DW      ROM_IRQ_ENTRY
  112                     
  113                     
