#[1]   PG_main.asm
    4                     
#[2]   defDebug.h
    5                             .INCLUDE        "defDebug.h"
    1                     
    2                     ;==========================================================
    3                     ; デバッグコントロール定義
    4                     ;==========================================================
    5                     ; デバッグビルドコントロール
    6           0000      DEBUG_BUILD EQU  0
    7                     
    8           0000      MAPPER_NO       EQU 0
    9                     
   10                     
   11                     ; NMI とゲーム処理だけですが処理の重さを表示する場合は 1 にします
   12           0000      PROCESSMETER = 0
   13                     
   14                     ; ゲーム処理の重さを表示する場合は 1 にします
   15           0000      GAME_PROCESSMETER =     0
   16                     
   17                     
   18                     ; エンディングテストモード (即クリア確定)
   19           0000      ENDINGTEST = 0
   20                     
   21                     ; デバッグ機能ON
   22           0000      DEBUG_MODE = 0
   23                     
   24                     ; デバッグモードでテンポの速いステージ曲を再生可能にする場合は 1 にします。
   25                     ; (「SOUND TST」で B を押しながら A を押す)
   26           0001      DEBUG_TEMPO_UP = 1
   27                     
   28           0000      DEBUG_NO_GAME_OVER = 0
   29                     
   30           0000      DEBUG_DISP_BOSS_HP = 0
   31                     
   32           0000      DEBUG_DISP_PLY_DEBUG = 0
   33                     
   34                     
   35           0000      AUTO_SHOT_OFF = 0                       ; =1 の時、通常弾のオートショットをＡボタン押しっぱなしで停止出来る
   36                     
   37                     
   38           0000      SINGLE_SHOT_TEST = 0            ; =1 自機の通常弾1発のみテスト
   39           0000      STAGE_TEST               = 0            ; !=0  指定ステージからスタート
   40                     
   41           0000      MMC_TYPE = 0                            ; =0 MMC3  =1 AX-A1 =2 INL-SWAP
   42           0000      NO_COPY_PROTECT =  0            ; =1 コピープロテクト無し
   43           00A4      FLASH_DEV_CODE = $A4
   44           00C2      FLASH_MAN_CODE = $C2
   45           0000      WRAM_PROTECT_CODE = 0
   46                     
   47           0000      ARDUINO_MODE = 0                        ; =1 ARDUINO 搭載モード
   48                     
#[1]   PG_main.asm
    6                     
    7                             .inesprg 2                              ; プログラムバンク数
    8                             .ineschr 0                              ; CHR バンク数
    9                             .inesmir 1                              ; BGラーリング
   10                             .inesmap 0                              ; mapper #0
   11                     
   12                     
   13           ED00      ROM_NMI_ENTRY   EQU $ED00
   14           EE80      ROM_IRQ_ENTRY   EQU $EE80
   15                     
   16           F000      INIT                    EQU $F000
   17           F003      TRANS_SYS_FONT  EQU $F003
   18           F006      KEY_RTN                 EQU $F006
   19           F009      BEEP_PI                 EQU $F009
   20           F00C      BEEP_PO                 EQU $F00C
   21                     
   22                     
   23                     
#[2]   SysEqu.h
   24                             .INCLUDE        "SysEqu.h"
    1                     ;========================================
    2                     
    3                     ;========================================
    4                     
    5           0000      W_AR                    EQU     $00     ; 16 bit 計算用  2 bytes
    6           0002      W_BR                    EQU     $02     ; 16 bit 計算用  2 bytes
    7                     
    8           0004      TMP_SVA                 EQU     $04     ; 汎用 A レジスタ保存用アドレス
    9           0005      TMP_SVX                 EQU     $05     ; 汎用 X レジスタ保存用アドレス
   10           0006      TMP_SVY                 EQU     $06     ; 汎用 Y レジスタ保存用アドレス
   11           0007      TMP_LOOP_CNT    EQU     $07     ; 汎用ループカウンタ
   12                     
   13           0008      SRC_ADR                 EQU     $08     ; 汎用ソースアドレス  2 bytes
   14           000A      DST_ADR                 EQU     $0A     ; 汎用デスティネーションアドレス  2 bytes
   15                     
   16           000C      TMP_SYS                 EQU     $0C             ;システムで使うTMP
   17           000D      TMP_SYS2                EQU     $0D             ;システムで使うTMP
   18           000E      TMP_COUNT               EQU $0E
   19                     
   20           0010      TMP_SV0         EQU     $10     ; 汎用レジスタ保存用アドレス
   21           0011      TMP_SV1         EQU     $11     ; 汎用レジスタ保存用アドレス
   22           0012      TMP_SV2         EQU     $12     ; 汎用レジスタ保存用アドレス
   23           0013      TMP_SV3         EQU     $13     ; 汎用レジスタ保存用アドレス
   24           0014      TMP_SV4         EQU     $14     ; 汎用レジスタ保存用アドレス
   25           0015      TMP_SV5         EQU     $15     ; 汎用レジスタ保存用アドレス
   26           0016      TMP_SV6         EQU     $16     ; 汎用レジスタ保存用アドレス
   27           0017      TMP_SV7         EQU     $17     ; 汎用レジスタ保存用アドレス
   28                     
   29           0018      GM_TMP0         EQU     $18
   30           0019      GM_TMP1         EQU     $19
   31           001A      GM_TMP2         EQU     $1A
   32           001B      GM_TMP3         EQU     $1B
   33                     
   34           001C      NMI_SVA         EQU     $1C     ; NMI割り込み A レジスタ保存用アドレス
   35           001D      NMI_SVX         EQU     $1D     ; NMI割り込み X レジスタ保存用アドレス
   36           001E      NMI_SVY         EQU     $1E     ; NMI割り込み Y レジスタ保存用アドレス
   37                     
   38                     
   39                     
   40                     ; PICO通信用 64byte
   41           0020      PICO_BUF0       EQU  $20
   42           0021      PICO_BUF1       EQU  $21
   43           0022      PICO_BUF2       EQU  $22
   44           0023      PICO_BUF3       EQU  $23
   45           0024      PICO_BUF4       EQU  $24
   46           0025      PICO_BUF5       EQU  $25
   47           0026      PICO_BUF6       EQU  $26
   48           0027      PICO_BUF7       EQU  $27
   49           0028      PICO_BUF8       EQU  $28
   50                     
   51           0030      PICO_BUF10      EQU  $30
   52           0038      PICO_BUF18      EQU  $38
   53           0040      PICO_BUF20      EQU  $40
   54           0048      PICO_BUF28      EQU  $48
   55           0050      PICO_BUF30      EQU  $50
   56           0058      PICO_BUF38      EQU  $58
   57                     
   58           0030      PICO_SNDREG     EQU  PICO_BUF10
   59                     
   60                     
   61           0060      PICO_COM        EQU  $60                ; PICOへコマンド送信用
   62           0061      PICO_MODE       EQU  $61                ; PICOの動作モード
   63                     
   64           0062      PICO_STAGE      EQU  $62                ; PICOへ渡すステージ番号
   65                     
   66                     ; 空き
   67                     
   68                     
   69           0072      GM_WAIT         EQU     $72     ; 2 bytes  ゲーム待ち
   70                     
   71                     ;----------------
   72                     ; 処理落ち対策
   73                     ;----------------
   74                     
   75                     ;----------------
   76                     ; 拡張アダプター モード
   77                     ;----------------
   78           0076      EXA_MODE        EQU     $76     ; =0 拡張モード =1 スタンドアロンモード
   79                     
   80                     ;----------------
   81                     ; ゲーム関連
   82                     ;----------------
   83           0078      DEMO_TIMER      EQU     $78     ; デモタイマー
   84                     
   85                     
   86                     
   87                     ;----------------
   88                     ; キー関連
   89                     ;----------------
   90                     
   91                     
   92           0082      KEY_REL         EQU     $82     ;
   93           0083      KEY_TRG         EQU     $83     ;
   94           0084      KEY_OLD         EQU     $84     ;
   95           0085      KEY_NEW         EQU     $85     ;
   96           000C      KEY_CH1         EQU     TMP_SYS
   97           000D      KEY_CH3         EQU     TMP_SYS2
   98                     
   99           008A      REP_KEY         EQU     $8A     ; リピート用のキー
  100           008B      REP_NEW         EQU     $8B     ; リピートによる押下状態
  101           008C      REP_CNT         EQU     $8C     ; ウェイト、インターバルのカウンタ
  102                     
  103                     
  104                     ;----------------
  105                     ; IRQ処理関連
  106                     ;----------------
  107           008F      HIRQ_ENA        EQU             $8F ; IRQ フラグ制御 (未使用=0)
  108           0094      BG_SCR_X        EQU             $94 ; size 4 bytes
  109                     
  110                     
  111                     ;----------------
  112                     ; システム関連
  113                     ;----------------
  114           00B0      FLG_2000        EQU     $B0
  115           00B1      FLG_2001        EQU     $B1
  116           00B2      BG_SCR_Y        EQU     $B2
  117                     
  118           00B3      NMI_FLG         EQU     $B3
  119           00B4      PAL_CHG_FG      EQU     $B4             ; パレット変更フラグ
  120                     
  121           00B5      SYS_TIMER       EQU     $B5             ; 2 bytes
  122           00B7      FLM_TIMER       EQU     $B7             ; フレームタイマー
  123                     
  124           00B8      STG_COD         EQU     $B8
  125           00B9      STG_COD_SUB     EQU     $B9
  126                     
  127                     
  128                     
  129                     ;----------------
  130                     ; NMIからコールするプログラムのアドレス
  131                     ;----------------
  132           00BD      NMI_CALL_BNK    EQU $BD ; 1byte ０ならコールしない
  133           00BE      NMI_CALL_ADR    EQU $BE ; 2byte コールするプログラムアドレス
  134                     
  135                     
  136           00C0      TMP_WRK0        EQU     $C0
  137           00C1      TMP_WRK1        EQU     $C1
  138           00C2      TMP_WRK2        EQU     $C2
  139           00C3      TMP_WRK3        EQU     $C3
  140                     
  141           00C3      TMP_DISP2       EQU     TMP_WRK3        ; 1 byte  表示汎用
  142                     
  143                     
  144           0200      SPRITE1         EQU     $200    ; 256 bytes
  145                     
  146                     
  147                     ;----------------
  148                     ; パレット関連
  149                     ;----------------
  150           0306      PALFADE_TIME    EQU     $306    ; パレットフェード速度
  151           0307      PALFADE_CNT             EQU     $307    ; パレットフェードカウンタ
  152           0308      PALFADE_VAL             EQU     $308    ; 加算値、減算値
  153           0309      PALFADE_ADD             EQU     $309    ; 変化の加算値
  154           030A      PALFADE_MASK    EQU     $30A    ; 変化させないパレットビット指定
  155                     
  156                     
  157           0329      MP3_VOL         EQU     $329
  158           032A      MP3_BANK        EQU     $32A
  159                     
  160           032C      HISCORES        EQU     $32C    ; 4 bytes ハイスコア
  161                     
  162           0330      PAL_WRK         EQU     $330     ;size $20      転送用
  163                     
  164                     
  165                     
  166                     
  167           0400      PICO_DATA_BUF  EQU      $400    ; PICO のデータ読み込みバッファ
  168                     
  169                     
  170                     
  171                     
  172                     
  173                     
  174                     ;----------------
  175                     ; 拡張アダプター関連
  176                     ;----------------
  177           4800      EXS_HIRQ_REG = $4800
  178                     
  179                     
  180                     
  181                     ;----------------
  182                     ; WRAM
  183                     ;----------------
  184           6000      W_TEST          EQU     $6000   ; 1 byte  bit7: WRAM 存在フラグ
  185                                                     ;(1 bytes)
  186           6002      W_HISCORES      EQU     $6002   ; 8 bytes LV1 のハイスコア,キャラ
  187                                                     ;         LV2 のハイスコア,キャラ
  188           600A      W_MAGIC         EQU     $600a   ; 6 bytes WRAM 初期化済み判別用マジックナンバー
  189                     
  190                     
  191           7000      WIFI_BUF EQU $7000
  192                     
  193           7100      BURST_READ_BUF EQU $7100
  194                     
  195           7400      HTTP_BUF        EQU     $7400           ; HTTPデータ読み込み
  196                     
  197                     
  198                     ;----------------
  199                     ; PPU
  200                     ;----------------
  201                     ; MMC3のIRQを使う場合は BG を$0000番地, Spr を$1000番地に配置しなければならない
  202           0088      FLG_PPU2000     EQU     %100_01_0_00
  203                                                     ; NMI gen,master,SP8x8,BG$0000,SP$0000,+1,v0,h0
  204                     
  205                     
  206           001E      FLG_PPU2001     EQU     %000_11_11_0
  207                     
  208                     
  209                     ;----------------
  210                     ; KEY BIT CODE
  211                     ;----------------
  212           0080      KEY_A           EQU     $80
  213           0040      KEY_B           EQU     $40
  214           0020      KEY_SEL         EQU     $20
  215           0010      KEY_RUN         EQU     $10
  216           0008      KEY_UP          EQU     $08
  217           0004      KEY_DOWN        EQU     $04
  218           0002      KEY_LEFT        EQU     $02
  219           0001      KEY_RIGHT       EQU     $01
  220                     
  221           00C0      KEY_AB          EQU     $C0
  222           00F0      KEY_ABRS        EQU     $F0
  223                     
  224                     
  225                     ;----------------
  226                     ; キーリピート設定
  227                     ;----------------
  228           0018      REP_WAIT        EQU     24      ; リピート開始までの時間 (フレーム数)
  229           0008      REP_INTERVAL    EQU      8      ; リピート間隔 (フレーム数)
  230                     
  231                     
#[1]   PG_main.asm
#[2]   macro.h
   25                             .INCLUDE        "macro.h"
    1                     ;******************************************************************************
    2                     ;       MOVE関係
    3                     ;******************************************************************************
    4                     LD_W MACRO
    5                             lda  \2
    6                             sta  \1
    7                             lda  \2+1
    8                             sta  \1+1
    9                             ENDM
   10                     
   11                     ;******************************************************************************
   12                     ;       算術関係
   13                     ;******************************************************************************
   14                     
   15                     ADD_W MACRO
   16                             clc
   17                             lda  \1
   18                             adc  \2
   19                             sta  \1
   20                             lda  \1+1
   21                             adc  \2+1
   22                             sta  \1+1
   23                             ENDM
   24                     
   25                     ;------------------------------------------------------------------------------
   26                     ;                               バイト足し演算
   27                     ;------------------------------------------------------------------------------
   28                     add     MACRO
   29                             clc
   30                             adc     \1
   31                             ENDM
   32                     ;------------------------------------------------------------------------------
   33                     ;                               バイト引き演算
   34                     ;------------------------------------------------------------------------------
   35                     sub     MACRO
   36                             sec
   37                             sbc     \1
   38                             ENDM
   39                     ;------------------------------------------------------------------------------
   40                     ;                               ワード足し演算
   41                     ;                               xy + \1\2 = xy
   42                     ;------------------------------------------------------------------------------
   43                     addw    MACRO
   44                             pha
   45                     
   46                             tya
   47                             add     \2
   48                             tay
   49                             bne     .byte_over\@
   50                             bcc     .byte_over\@
   51                     
   52                             sec
   53                     .byte_over\@:
   54                             txa
   55                             adc     \1
   56                             tax
   57                     
   58                             pla
   59                             ENDM
   60                     ;------------------------------------------------------------------------------
   61                     ;                               ワード引き演算
   62                     ;                               xy - \1\2 = xy
   63                     ;------------------------------------------------------------------------------
   64                     subw    MACRO
   65                             pha
   66                     
   67                             tya
   68                             sub     \2
   69                             tay
   70                     
   71                             txa
   72                             sbc     \1
   73                             tax
   74                     
   75                             pla
   76                             ENDM
   77                     
   78                     ;------------------------------------------------------------------------------
   79                     ;                               ワードインクリメント
   80                     ;                               \1\2 + 1 = \1\2
   81                     ;------------------------------------------------------------------------------
   82                     incw    MACRO
   83                             inc     \1
   84                             bne     .iend\@
   85                     
   86                             inc     \1 + 1
   87                     .iend\@:
   88                     
   89                             ENDM
   90                     
   91                     ;------------------------------------------------------------------------------
   92                     ;                               ワードデクリメント
   93                     ;                               \1\2 - 1 = \1\2
   94                     ;------------------------------------------------------------------------------
   95                     decw    MACRO
   96                             lda     \1
   97                             bne     .dend\@
   98                     
   99                             dec     \1 + 1
  100                     .dend\@:
  101                             dec     \1
  102                     
  103                             ENDM
  104                     
  105                     ;------------------------------------------------------------------------------
  106                     ;               擬似ワードレジスタ　AR に固定ワードセット
  107                     ;------------------------------------------------------------------------------
  108                     SET_AR  MACRO
  109                             LDA     \1 & $ff
  110                             STA     <W_AR
  111                             LDA     \1 >> 8
  112                             STA     <W_AR+1
  113                             ENDM
  114                     
  115                     ;------------------------------------------------------------------------------
  116                     ;               擬似ワードレジスタ　BR に固定ワードセット
  117                     ;------------------------------------------------------------------------------
  118                     SET_BR  MACRO
  119                             LDA     \1 & $ff
  120                             STA     <W_BR
  121                             LDA     \1 >> 8
  122                             STA     <W_BR+1
  123                             ENDM
  124                     
  125                     ;------------------------------------------------------------------------------
  126                     ;               擬似ワードレジスタ　AR にメモリー上のワード値セット
  127                     ;------------------------------------------------------------------------------
  128                     SET_AR_M        MACRO
  129                             LDA     \1
  130                             STA     <W_AR
  131                             LDA     \1+1
  132                             STA     <W_AR+1
  133                             ENDM
  134                     
  135                     ;------------------------------------------------------------------------------
  136                     ;               擬似ワードレジスタ　BR にメモリー上のワード値セット
  137                     ;------------------------------------------------------------------------------
  138                     SET_BR_M        MACRO
  139                             LDA     \1
  140                             STA     <W_BR
  141                             LDA     \1+1
  142                             STA     <W_BR+1
  143                             ENDM
  144                     
  145                     ;------------------------------------------------------------------------------
  146                     ;                               対象のメモリーのビットをセットする
  147                     ;                               対象メモリーアドレス = \1
  148                     ;                               セットするビット     = \2
  149                     ;------------------------------------------------------------------------------
  150                     SET_BIT         MACRO
  151                             LDA     \1
  152                             ORA     \2
  153                             STA     \1
  154                             ENDM
  155                     
  156                     ;------------------------------------------------------------------------------
  157                     ;                               対象のメモリーのビットをクリアーする
  158                     ;                               対象メモリーアドレス = \1
  159                     ;                               クリアーするビット   = \2
  160                     ;------------------------------------------------------------------------------
  161                     CLR_BIT         MACRO
  162                             LDA     \1
  163                             AND     $ff - \2
  164                             STA     \1
  165                             ENDM
  166                     
  167                     ;------------------------------------------------------------------------------
  168                     ;                               対象のメモリーのビットをチェックする
  169                     ;                               対象メモリーアドレス = \1
  170                     ;                               チェックするビット   = \2
  171                     ;------------------------------------------------------------------------------
  172                     CHK_BIT         MACRO
  173                             LDA     \1
  174                             AND     \2
  175                             ENDM
  176                     
  177                     
  178                     ;------------------------------------------------------------------------------
  179                     ;                               XYレジスタをスタックに退避
  180                     ;------------------------------------------------------------------------------
  181                     phxy            MACRO
  182                             sta  <TMP_SYS
  183                             txa
  184                             pha
  185                             tya
  186                             pha
  187                             lda  <TMP_SYS
  188                             ENDM
  189                     
  190                     ;------------------------------------------------------------------------------
  191                     ;                               XYレジスタをスタックから復帰
  192                     ;------------------------------------------------------------------------------
  193                     plxy            MACRO
  194                             sta  <TMP_SYS
  195                             pla
  196                             tay
  197                             pla
  198                             tax
  199                             lda  <TMP_SYS
  200                             ENDM
  201                     
  202                     ;------------------------------------------------------------------------------
  203                     ;                               SRC_ADRをスタックに退避
  204                     ;------------------------------------------------------------------------------
  205                     phSRC_ADR       MACRO
  206                             lda  <SRC_ADR+0
  207                             pha
  208                             lda  <SRC_ADR+1
  209                             pha
  210                             ENDM
  211                     
  212                     ;------------------------------------------------------------------------------
  213                     ;                               XYレジスタをスタックから復帰
  214                     ;------------------------------------------------------------------------------
  215                     plSRC_ADR       MACRO
  216                             pla
  217                             sta  <SRC_ADR+1
  218                             pla
  219                             sta  <SRC_ADR+0
  220                             ENDM
  221                     
  222                     ;******************************************************************************
  223                     ;       表示関係
  224                     ;******************************************************************************
  225                     ;       画面切り替え時にＩＲＱ割り込みラインでのノイズを対処すべく、
  226                     ;       表示on、表示offは、マクロ化しました。→DISP_ON, DISP_OFF
  227                     ;       それに伴い、NMI_FLGの操作も併せて、こちらに移動しました。
  228                     ;                                                       渡部
  229                     ;------------------------------------------------------------------------------
  230                     ;                               表示on
  231                     ;------------------------------------------------------------------------------
  232                     DISP_ON         MACRO
  233                             jsr  _disp_on_sub
  234                             ENDM
  235                     
  236                     ;------------------------------------------------------------------------------
  237                     ;                               表示on NO SP
  238                     ;------------------------------------------------------------------------------
  239                     DISP_ON_NSP             MACRO
  240                             jsr  _disp_on_sub2
  241                             ENDM
  242                     
  243                     ;------------------------------------------------------------------------------
  244                     ;                               表示off
  245                     ;------------------------------------------------------------------------------
  246                     DISP_OFF        MACRO
  247                             jsr  _disp_off_sub
  248                             ENDM
  249                     
  250                     ;------------------------------------------------------------------------------
  251                     ;                               VRAMアドレスセット
  252                     ;                               VRAMアドレス = \1(16bit adr)
  253                     ;------------------------------------------------------------------------------
  254                     SET_VRAM_ADD2   MACRO
  255                             lda #HIGH (\1)
  256                         sta $2006
  257                             lda #LOW  (\1)
  258                             sta $2006
  259                             ENDM
  260                     
  261                     ;------------------------------------------------------------------------------
  262                     ;                               VRAMアドレスセット
  263                     ;                               VRAMアドレス = \1(16bit adr)
  264                     ;                               加算値 = \2
  265                     ;------------------------------------------------------------------------------
  266                     SET_VRAM_ADD3   MACRO
  267                             clc
  268                             lda #LOW  (\1)
  269                             adc  \2
  270                             pha
  271                             lda #HIGH (\1)
  272                             adc #0
  273                         sta $2006
  274                             pla
  275                             sta $2006
  276                             ENDM
  277                     
  278                     ;------------------------------------------------------------------------------
  279                     ;                               VRAMアドレスセット
  280                     ;                               VRAMアドレス = \1(16bit adr)
  281                     ;                               加算値 = \2
  282                     ;------------------------------------------------------------------------------
  283                     SET_VRAM_ADD4   MACRO
  284                             clc
  285                             lda #LOW  (\1)
  286                             adc  \2
  287                             pha
  288                             lda #HIGH (\1)
  289                             adc \2 +1
  290                         sta $2006
  291                             pla
  292                             sta $2006
  293                             ENDM
  294                     
  295                     ;------------------------------------------------------------------------------
  296                     ;                               VRAMアドレスセット
  297                     ;                               VRAMアドレス = \1(16bit adr)
  298                     ;------------------------------------------------------------------------------
  299                     SET_VRAM_LOC    MACRO
  300                             lda #HIGH (\1)
  301                         sta <TMP_ADR0+1
  302                             lda #LOW  (\1)
  303                         sta <TMP_ADR0+0
  304                             ENDM
  305                     
  306                     SET_VRAM_LOC_ADD        MACRO
  307                         lda <TMP_ADR0+1
  308                         sta $2006
  309                         lda <TMP_ADR0+0
  310                         sta $2006
  311                             ENDM
  312                     
  313                     ADD_VRAM_LOC_CR MACRO
  314                             clc
  315                             lda  <TMP_ADR0+0
  316                             adc  #32
  317                             sta  <TMP_ADR0+0
  318                             lda  <TMP_ADR0+1
  319                             adc  #0
  320                             sta  <TMP_ADR0+0
  321                             ENDM
  322                     
  323                     
  324                     ;------------------------------------------------------------------------------
  325                     ;                               VRAMアドレスセット
  326                     ;                               VRAMアドレス = \1(16bit adr)
  327                     ;------------------------------------------------------------------------------
  328                     SET_VRAM_ADD_A_00       MACRO
  329                             STA  $2006
  330                             LDA     #$00
  331                             STA  $2006
  332                             ENDM
  333                     
  334                     
  335                     
  336                     
  337                     ;------------------------------------------------------------------------------
  338                     ;                               データアドレスセット
  339                     ;                               データアドレス = \1 (16bit adr)
  340                     ;------------------------------------------------------------------------------
  341                     SET_DATA_SRC    MACRO
  342                             lda     #LOW (\1)
  343                             sta     <SRC_ADR
  344                             lda #HIGH (\1)
  345                         sta <SRC_ADR+1
  346                             ENDM
  347                     
  348                     ;------------------------------------------------------------------------------
  349                     ;                               データアドレスセット
  350                     ;                               データアドレス = \1 (16bit adr)
  351                     ;------------------------------------------------------------------------------
  352                     SET_DATA_DST    MACRO
  353                             lda     #LOW (\1)
  354                             sta     <DST_ADR
  355                             lda #HIGH (\1)
  356                         sta <DST_ADR +1
  357                             ENDM
  358                     
  359                     
  360                     ;------------------------------------------------------------------------------
  361                     ;                               データアドレスセット
  362                     ;                               データアドレス = \1 (16bit adr)
  363                     ;                               データアドレス = \2 (16bit adr)
  364                     ;------------------------------------------------------------------------------
  365                     SET_DATA_ADR    MACRO
  366                             lda     #LOW (\2)
  367                             sta     \1
  368                             lda #HIGH (\2)
  369                         sta \1+1
  370                             ENDM
  371                     
  372                     ;------------------------------------------------------------------------------
  373                     ;                               パレット転送
  374                     ;                               データアドレス = \1 (アドレス)
  375                     ;------------------------------------------------------------------------------
  376                     TRANS_PAL       MACRO
  377                             lda  #LOW (\1)
  378                             sta  <SRC_ADR
  379                             lda  #HIGH (\1)
  380                         sta  <SRC_ADR+1
  381                             jsr  SET_PAL_DATA
  382                             ENDM
  383                     
  384                     ;------------------------------------------------------------------------------
  385                     ;                               ネームテーブル＆パレット転送
  386                     ;                               データアドレス = \1 (バンク付アドレス)
  387                     ;------------------------------------------------------------------------------
  388                     DRAW_BG_DATA    MACRO
  389                             lda  #LOW (\1)
  390                             sta  <SRC_ADR
  391                             lda  #HIGH (\1)
  392                         sta  <SRC_ADR+1
  393                             ldx  #BANK (\1) /2
  394                             jsr  TRANS_NAME_PAL
  395                             ENDM
  396                     
  397                     ;------------------------------------------------------------------------------
  398                     ;                               ネームテーブル転送
  399                     ;                               データアドレス = \1 (バンク付アドレス)
  400                     ;------------------------------------------------------------------------------
  401                     DRAW_BG_DATA_NP MACRO
  402                             lda  #LOW (\1)
  403                             sta  <SRC_ADR
  404                             lda  #HIGH (\1)
  405                         sta  <SRC_ADR+1
  406                             ldx  #BANK (\1) /2
  407                             lda  <A0_BNK            ;
  408                             pha                     ;現行のバンクを保存
  409                             txa
  410                             jsr  CHG_A0_BANK
  411                             jsr  TRANS_NAMETBL_SUB
  412                     
  413                             pla
  414                             jsr  CHG_A0_BANK
  415                             ENDM
  416                     
  417                     
  418                     ;------------------------------------------------------------------------------
  419                     ;                               文字列描画
  420                     ;                               \1 = 文字列
  421                     ;------------------------------------------------------------------------------
  422                     DRAW_STRING2 MACRO
  423                             LDA  #HIGH (.end\@ -1)
  424                             PHA
  425                             LDA  #LOW (.end\@ -1)
  426                             PHA
  427                             LDA  #LOW (.tbl\@ )
  428                             STA  <SRC_ADR
  429                             LDA  #HIGH (.tbl\@ )
  430                             jmp  DRAW_STRING_SUB
  431                     .tbl\@:
  432                         db  \1,0
  433                     .end\@:
  434                             ENDM
  435                     
  436                     ;------------------------------------------------------------------------------
  437                     ;                               文字列描画
  438                     ;                               データソースアドレス = \1 (16bit adr)
  439                     ;------------------------------------------------------------------------------
  440                     DRAW_STRING     MACRO
  441                             lda     #\1 & $ff
  442                             STA     <SRC_ADR
  443                             LDA     #\1 >> 8
  444                     ;;      STA     <SRC_ADR+1
  445                             JSR     DRAW_STRING_SUB
  446                             ENDM
  447                     
  448                     ;------------------------------------------------------------------------------
  449                     ;                               文字列描画（クリアー切り替え付き）
  450                     ;                               データソースアドレス = \1 (16bit adr)
  451                     ;------------------------------------------------------------------------------
  452                     DRAW_STRING_S   MACRO
  453                             lda     #\1 & $ff
  454                             STA     <SRC_ADR
  455                             LDA     #\1 >> 8
  456                     ;;      STA     <SRC_ADR+1
  457                             JSR     DRAW_STRING_S_SUB
  458                             ENDM
  459                     
  460                     ;------------------------------------------------------------------------------
  461                     ;                               文字列描画（テーブル選択型）
  462                     ;                               A reg = テーブル選択番号
  463                     ;                               テーブルデータアドレス = \1 (16bit adr)
  464                     ;------------------------------------------------------------------------------
  465                     DRAW_STRING_TBL_SEL     MACRO
  466                             ASL     A
  467                             TAX
  468                             LDA     \1,X
  469                             STA     <SRC_ADR
  470                             LDA     \1+1,X
  471                     ;;      STA     <SRC_ADR+1
  472                             JSR     DRAW_STRING_SUB
  473                             ENDM
  474                     
  475                     ;------------------------------------------------------------------------------
  476                     PAL_CHG MACRO
  477                             inc  <PAL_CHG_FG
  478                             ENDM
  479                     
  480                     
  481                     ;******************************************************************************
  482                     ;       RTS関係
  483                     ;******************************************************************************
  484                     
  485                     rts_z   MACRO
  486                             bne .tbl\@
  487                             rts
  488                     .tbl\@:
  489                             ENDM
  490                     
  491                     rts_nz  MACRO
  492                             beq .tbl\@
  493                             rts
  494                     .tbl\@:
  495                             ENDM
  496                     
  497                     rts_c   MACRO
  498                             bnc .tbl\@
  499                             rts
  500                     .tbl\@:
  501                             ENDM
  502                     
  503                     rts_nc  MACRO
  504                             bcs .tbl\@
  505                             rts
  506                     .tbl\@:
  507                             ENDM
  508                     
  509                     
  510                     ;******************************************************************************
  511                     ;       テーブル関係
  512                     ;******************************************************************************
  513                     
  514                     ;------------------------------------------------------------------------------
  515                     ;                               テーブルジャンプ
  516                     ;                               A reg = ジャンプ先テーブル番号
  517                     ;------------------------------------------------------------------------------
  518                     TBL_JUMP        MACRO
  519                             ASL     A
  520                             stx  <TMP_SYS
  521                             TAX
  522                             LDA     .tbl\@+1,X
  523                             PHA
  524                             LDA     .tbl\@+0,X
  525                             ldx  <TMP_SYS
  526                             PHA
  527                             RTS
  528                     .tbl\@:
  529                             ENDM
  530                     
  531                     ;------------------------------------------------------------------------------
  532                     ;  テーブルジャンプ先　宣言用マクロ　スタックを使う場合ジャンプ先-1 をプッシュ
  533                     ;------------------------------------------------------------------------------
  534                     JPTBL   MACRO
  535                             DW      \1 -1
  536                             ENDM
  537                     
  538                     ;------------------------------------------------------------------------------
  539                     ;                               バンク付テーブルジャンプ
  540                     ;                               A reg = ジャンプ先テーブル番号
  541                     ;------------------------------------------------------------------------------
  542                     BNK_TBL_JUMP    MACRO
  543                             sta  <TMP_SYS
  544                             stx  <TMP_SYS2
  545                             asl a
  546                             clc
  547                             adc  <TMP_SYS
  548                             tax
  549                     
  550                             ; 各ミッションタイプに応じた初期化処理を呼び出し
  551                             lda  .tbl\@+1,x
  552                             pha
  553                             lda  .tbl\@+0,x
  554                             pha
  555                     
  556                             lda  .tbl\@+2,x         ;BANK
  557                             jsr  SYS_CHG_BANK
  558                             ldx  <TMP_SYS2
  559                             rts
  560                     .tbl\@:
  561                             ENDM
  562                     
  563                     ;------------------------------------------------------------------------------
  564                     ;  バンク付ジャンプ先テーブル
  565                     ;------------------------------------------------------------------------------
  566                     BNK_JPTBL2      MACRO
  567                             DW      (\1 -1)
  568                             DB  #BANK ( \1 ) / 2
  569                             ENDM
  570                     
  571                     
  572                     
  573                     ;------------------------------------------------------------------------------
  574                     ;  バンク付アドレステーブル
  575                     ;------------------------------------------------------------------------------
  576                     ;BNK_ADR        MACRO
  577                     ;       DW      \1
  578                     ;       DB  #BANK ( \1 ) /2
  579                     ;       ENDM
  580                     
  581                     
  582                     
  583                     
  584                     
  585                     ;------------------------------------------------------------------------------
  586                     ;  バンク間コール ※A000 に配置された他バンクのサブルーチンを呼び出す
  587                     ;                               コール先アドレス = \1 (16bit adr + bank)
  588                     ;------------------------------------------------------------------------------
  589                     ;BNK_CALL       MACRO
  590                     ;       jsr     BANK_CALL_SUB
  591                     ;       DW      (\1 -1)
  592                     ;       DB  #BANK ( \1 ) / 2
  593                     ;       ENDM
  594                     
  595                     BNK_CALL        MACRO
  596                             jsr     \1
  597                             ENDM
  598                     
  599                     
  600                     ;=================================================================
  601                     ;                               ジャンプベクターチェック付きCALL
  602                     ;=================================================================
  603                     JVC_CALL MACRO
  604                             lda  \1
  605                             cmp  #$4C
  606                             bne  .iend\@
  607                             jsr  \1
  608                     .iend\@:
  609                             ENDM
  610                     
  611                     ;=================================================================
  612                     ;                               ジャンプベクターチェック付きJMP Areg 破壊
  613                     ;=================================================================
  614                     JVC_JMP MACRO
  615                             lda  \1
  616                             cmp  #$4C
  617                             bne     .iend\@
  618                             jmp  \1
  619                     .iend\@:
  620                             ENDM
  621                     
  622                     
  623                     ;=================================================================
  624                     ;                               ジャンプベクターチェック付きJMP Xreg 破壊
  625                     ;=================================================================
  626                     JVC_JMPX MACRO
  627                             ldx  \1
  628                             cpx  #$4C
  629                             bne     .iend\@
  630                             jmp  \1
  631                     .iend\@:
  632                             ENDM
  633                     
  634                     
  635                     ;=================================================================
  636                     ;                               空のジャンプベクター
  637                     ;=================================================================
  638                     DMY_JVC_JMP MACRO
  639                             db $FF,$FF,$FF
  640                             ENDM
  641                     
  642                     ;=================================================================
  643                     ;                               NMIユーザー処理登録用マクロ
  644                     ;=================================================================
  645                     SET_NMI_CALL    MACRO
  646                             LDA     #HIGH (\1)
  647                             STA <NMI_CALL_ADR+1
  648                             LDA     #LOW  (\1)
  649                             STA <NMI_CALL_ADR
  650                             LDA     #BANK (\1) /2
  651                             STA <NMI_CALL_BNK
  652                             ENDM
  653                     
  654                     
  655                     ;=================================================================
  656                     ;                               NMIユーザー処理解除用マクロ
  657                     ;=================================================================
  658                     CLR_NMI_CALL    MACRO
  659                             LDA     #0
  660                             STA <NMI_CALL_ADR+1
  661                             ENDM
  662                     
  663                     ;=================================================================
  664                     ;                               RAM転送システム用のマクロ
  665                     ;=================================================================
  666                     
  667                     ;------------------------------------------------------
  668                     ; VRAM転送先アドレス指定マクロ
  669                     ;------------------------------------------------------
  670                     SET_VRAMT_ADR   MACRO
  671                             lda   #HIGH (\1)
  672                             jsr   writeVRAMT_DATA
  673                             lda   #LOW  (\1)
  674                             jsr   writeVRAMT_DATA
  675                             ENDM
  676                     
  677                     
  678                     ;------------------------------------------------------------------------------
  679                     ;                               テーブル選択
  680                     ;                               A reg = テーブル選択番号
  681                     ;                               テーブルアドレス = \1 (16bit adr)
  682                     ;------------------------------------------------------------------------------
  683                     TBL_SELECT      MACRO
  684                             ASL     A
  685                             TAX
  686                             LDA     \1,X
  687                             STA     <SRC_ADR
  688                             LDA     \1+1,X
  689                             STA     <SRC_ADR+1
  690                             ENDM
  691                     
  692                     ;------------------------------------------------------------------------------
  693                     ;                               テーブル選択
  694                     ;                               A reg = テーブル選択番号
  695                     ;                               テーブルアドレス = \1 (16bit adr)
  696                     ;------------------------------------------------------------------------------
  697                     TBL_SELECT2     MACRO
  698                             ASL     A
  699                             TAX
  700                             LDA     \1,X
  701                             STA     <DST_ADR
  702                             LDA     \1+1,X
  703                             STA     <DST_ADR +1
  704                             ENDM
  705                     
  706                     
  707                     
  708                     ;-------------------------------------------------------------------------------
  709                     ; H-IRQ用マクロ
  710                     ;-------------------------------------------------------------------------------
  711                     ; H-IRQエントリ設定
  712                     HIRQ_ENTRY_SET  macro
  713                                     lda     #LOW(\1)
  714                                     sta     <HIRQ_ENTRY_ADR
  715                                     lda     #HIGH(\1)
  716                                     sta     <HIRQ_ENTRY_ADR+1
  717                                     endm
  718                     
  719                     
  720                     ; H-IRQ関数設定
  721                     HIRQ_FUNC_SET   macro
  722                                     lda     #LOW(\1)
  723                                     sta     <HIRQ_FUNC_ADR
  724                                     lda     #HIGH(\1)
  725                                     sta     <HIRQ_FUNC_ADR+1
  726                                     endm
  727                     
  728                     
  729                     ;-------------------------------------------------------------------------------
  730                     ; メモリー制御
  731                     ;-------------------------------------------------------------------------------
  732                     
  733                     ;   A reg クリアーデータ
  734                     ;   Y reg クリアーサイズ ( 0 は 256バイト )
  735                     ;       \1 = クリアーメモリーアドレス (16bit adr)
  736                     
  737                     CLEAR_MEM       macro
  738                     
  739                     .loop\@:
  740                             dey
  741                             sta   \1,Y
  742                             bne   .loop\@
  743                     
  744                                     endm
  745                     
  746                     
  747                     COPY_TBL        macro
  748                             ldx  #0
  749                     .loop\@:
  750                             lda  \1,x
  751                             sta  \2,x
  752                             inx
  753                             cpx  #\3
  754                             bne   .loop\@
  755                                     endm
  756                     
  757                     
  758                     ;       \1 = 転送元アドレス (BNK+16bit adr)
  759                     ;       \2 = 転送先アドレス (16bit adr)
  760                     ;       \3 = 転送サイズ (8bit)
  761                     
  762                     COPY_MEM        macro
  763                             lda  #LOW (\1)
  764                             sta  <SRC_ADR
  765                             lda  #HIGH (\1)
  766                         sta  <SRC_ADR+1
  767                     
  768                             lda  #LOW (\2)
  769                             sta  <DST_ADR
  770                             lda  #HIGH (\2)
  771                         sta  <DST_ADR+1
  772                     
  773                             ldy  #(\3)
  774                             jsr  memcpy
  775                     
  776                             endm
  777                     
  778                     ;       \1 = 転送元アドレス (BNK+16bit adr)
  779                     ;       \2 = 転送先アドレス (16bit adr)
  780                     ;       \3 = 転送サイズ (16bit)
  781                     
  782                     COPY_MEM16      macro
  783                             lda  #LOW (\1)
  784                             sta  <SRC_ADR
  785                             lda  #HIGH (\1)
  786                         sta  <SRC_ADR+1
  787                     
  788                             lda  #LOW (\2)
  789                             sta  <DST_ADR
  790                             lda  #HIGH (\2)
  791                         sta  <DST_ADR+1
  792                     
  793                             ldy  #LOW (\3)
  794                             ldx  #HIGH (\3)
  795                     
  796                             lda  #BANK (\1) /2
  797                     
  798                             jsr  memcpy_x
  799                     
  800                             endm
  801                     
  802                     
  803                     
  804                     ;-------------------------------------------------------------------------------
  805                     ; BEEP
  806                     ;-------------------------------------------------------------------------------
  807                     
  808                     BEEP    MACRO
  809                             lda #0
  810                             sta $4015
  811                     
  812                     ;       lda $4015               ; サウンドレジスタ
  813                     ;       ora #%00000001  ; 矩形波チャンネル１を有効にする
  814                             lda #%00000001  ; 矩形波チャンネル１を有効にする
  815                             sta $4015
  816                     
  817                             lda #%10111111  ; Duty比・長さ無効・減衰無効・減衰率
  818                             sta $4000       ; 矩形波チャンネル１制御レジスタ１
  819                     
  820                     ;       lda #%10101011  ; スイープ有効・変化率・方向・変化量
  821                     ;       lda #%00101011  ; スイープ有効・変化率・方向・変化量
  822                             lda #(\2)       ; スイープ有効・変化率・方向・変化量
  823                             sta $4001       ; 矩形波チャンネル１制御レジスタ２
  824                             
  825                             lda #LOW(\1)    ; 周波数(下位8ビット)
  826                             sta $4002       ; 矩形波チャンネル１周波数レジスタ１
  827                             lda #%11111000 +(HIGH(\1) &7)   ; 再生時間・周波数(上位3ビット)
  828                             sta $4003       ; 矩形波チャンネル１周波数レジスタ２
  829                     
  830                             ENDM
  831                     
  832                     
  833                     
  834                     ;-------------------------------
  835                     ; Areg = セットするライン数
  836                     ;-------------------------------
  837                     HIRQ_LATCH_RELOAD       MACRO
  838                             sta  <HIRQ_CNT
  839                             sta  EXS_HIRQ_REG               ; H-IRQラインオフセット設定
  840                     ;       lda  <EXA_MODE
  841                     ;       bne  .iend\@
  842                     ;       lda  #1
  843                     ;       sta  <HIRQ_CNT
  844                     ;.iend\@:
  845                             ENDM
  846                     
  847                     
  848                     HIRQ_END        MACRO
  849                             lda  #$FF
  850                             sta  EXS_HIRQ_REG               ; H-IRQラインオフセット設定
  851                             sta  <HIRQ_CNT
  852                             ENDM
  853                     
  854                     
  855                     ;-------------------------------
  856                     ; ROMミラー設定マクロ
  857                     ;-------------------------------
  858                     ROM_MIRROR      macro
  859                             db "nes_mirror",\1
  860                             dw \2
  861                             ds \2 -13
  862                     
  863                             ENDM
  864                     
  865                     
  866                     ;-------------------------------
  867                     ; バンク切り替え
  868                     ;-------------------------------
  869                     CHG_BANK_A      macro
  870                             sta  $E000
  871                             ENDM
  872                     
  873                     CHG_BANK_X      macro
  874                             jsr  SYS_CHG_BANK_X
  875                     ;       stx  $8000
  876                             ENDM
  877                     
  878                     ;-------------------------------
  879                     ; バンク切り替え
  880                     ;-------------------------------
  881                     CHG_BANK_LB macro
  882                             lda  #BANK (\1) /2
  883                             sta  $E000
  884                             ENDM
  885                     
  886                     
  887                     
  888                     ;-------------------------------
  889                     ; 現在のバンクをスタックにPUSH
  890                     ;-------------------------------
  891                     PUSH_BANK macro
  892                             lda  ROM_BANK_NO
  893                             pha
  894                             ENDM
  895                     
  896                     
  897                     ;-------------------------------
  898                     ; 現在のスタックからPOPしてバンク切り替え
  899                     ;-------------------------------
  900                     POP_BANK macro
  901                             pla
  902                             jsr  SYS_CHG_BANK
  903                             ENDM
  904                     
  905                     
  906                     ;-------------------------------
  907                     ; サウンドデータテーブルマクロ
  908                     ;-------------------------------
  909                     MDR_DT  MACRO
  910                             DW \1
  911                             DB \2
  912                             DB \3
  913                             ENDM
  914                     
  915                     
  916                     ;-------------------------------
  917                     ; サウンドデータテーブルマクロ
  918                     ;-------------------------------
  919                     DEBUG_HALT MACRO
  920                             sei
  921                             BEEP $104,%11110011
  922                     .halt\@
  923                             jmp  .halt\@
  924                             ENDM
  925                     
  926                     ;******************************************************************************
  927                     ;       NoNMI関係
  928                     ;******************************************************************************
  929                     
  930                     WAIT_VBLANK MACRO
  931                     .wait_loop\@
  932                             bit      $2002  ;ppu__status
  933                             bpl     .wait_loop\@
  934                             ENDM
  935                     
  936                     WAIT_VBLANK_END MACRO
  937                     .wait_loop\@
  938                             bit      $2002  ;ppu__status
  939                             bmi     .wait_loop\@
  940                             ENDM
  941                     
  942                     RESET_SCR_XY MACRO
  943                             lda  #0
  944                             sta  $2005
  945                             sta  $2005
  946                             ENDM
  947                     
  948                     ;******************************************************************************
  949                     ;       EXA関係
  950                     ;******************************************************************************
  951                     
  952                     RSTAT_EXA MACRO
  953                             lda  $5000
  954                             ENDM
  955                     
  956                     
  957                     ;******************************************************************************
  958                     ;       TIMEOUT関連
  959                     ;******************************************************************************
  960                     ;-------------------------------------------------------------------------------
  961                     ; TIMEOU値セット
  962                     ;-------------------------------------------------------------------------------
  963                     ;       \1 = タイムアウト秒数 (1-68秒)
  964                     SET_TIMEOUT macro
  965                             lda  #( \1 *60/16)
  966                             sta  <DEMO_TIMER
  967                             ENDM
  968                     
  969                     JOB_TIMEOUT MACRO
  970                             lda  <DEMO_TIMER
  971                             beq  .lpx\@
  972                             LDA  <SYS_TIMER
  973                             AND  #$0f
  974                             BNE      .lpx\@
  975                             dec  <DEMO_TIMER
  976                     .lpx\@
  977                             ENDM
  978                     
  979                     IS_TIMEOUT macro
  980                             lda  <DEMO_TIMER
  981                             ENDM
  982                     
  983                     
#[1]   PG_main.asm
#[2]   defGame.h
   26                             .INCLUDE        "defGame.h"
    1                     
    2                     ;----------------
    3                     ; 各種P定義
    4                     ;----------------
    5           00F0      SP_CLR_Y        EQU 240         ; スプライトクリアーY
    6                     
    7                     ;----------------
    8                     ; STEP定義
    9                     ;----------------
   10           0000      ST_INIT         EQU      0      ; 初期化
   11                     ;ST_EXA00       EQU      1      ; 拡張システム起動チェック
   12           0002      ST_MAIN         EQU      2
   13                     
   14           0007      ST_MAX          EQU      7      ; ステップの最大値
   15                     
   16                     
#[1]   PG_main.asm
   27                     
   28           E000              .code
   29                     
   30                     
   31                             ;========================================
   32                             ; ゲームバンク $00
   33                             ;========================================
   34           0000              .BANK           0
   35           8000             ORG     $8000
   36                     
   37                     
   38           0001              .BANK           1
   39           A000             ORG     $A000
   40                     
   41                     
   42                     
   43           0002              .BANK           2
   44           C000            ORG     $C000
   45                     
#[2]   AplGame.asm
   46                             .INCLUDE        "AplGame.asm"           ;ゲーム本体
    1                     
    2  02:C000            PAL_GAME_ADR:
    3  02:C000  0F 1A 14          DB      $0F,$1A,$14,$30 ;(緑) 
       02:C003  30        
    4  02:C004  0F 2A 2A          DB      $0F,$2A,$2A,$2A ;(赤) 
       02:C007  2A        
    5  02:C008  0F 15 27          DB      $0F,$15,$27,$30 ;(青) 
       02:C00B  30        
    6  02:C00C  0F 1A 1A          DB      $0F,$1A,$1A,$1A ; 
       02:C00F  1A        
    7                             ;       スプライト用パレット
    8  02:C010  0F 0F 20          DB      $0F,$0F,$20,$20 ;スプライト0
       02:C013  20        
    9  02:C014  0F 1A 17          DB      $0F,$1A,$17,$29
       02:C017  29        
   10  02:C018  0F 15 19          DB      $0F,$15,$19,$20
       02:C01B  20        
   11  02:C01C  0F 21 10          DB      $0F,$21,$10,$20
       02:C01F  20        
   12                     
   13                     
   14                     
   15                     ;=====================================
   16                     ;プレイ画面
   17                     ;=====================================
   18  02:C020            APL_GAME:
   19  02:C020  20 6C C0          jsr PLY_STG_MAIN
   20                             
   21                     ;@      jsr updateGameSync
   22                             
   23                     ;       jsr updateMission
   24                     ;       jsr moveGameObj
   25                     
   26                     ;       BNK_CALL updateGameDisp
   27                     
   28  02:C023  A0 00             ldy  #0
   29                             
   30                     ;@      jsr  .disp_debug_obj
   31                             
   32                             
   33                             ; 余ったスプライトを非表示にする
   34  02:C025  20 B9 C5          jsr clearObj
   35                     
   36                     ;       lda  <STG_COD   ;
   37                     ;       cmp  #ST_MAIN
   38                     ;       beq  .skip
   39                     ;       lda  <FLG_2000
   40                     ;       sta      $2000                          ; このタイミングでNMI発生
   41                     ;.skip
   42  02:C028  60                rts
   43                     
   44  02:C029            .disp_debug_obj
   45  02:C029  A2 00             ldx  #0
   46                             
   47  02:C02B            .ddo_loop
   48                             
   49  02:C02B  A9 08             lda  #8
   50  02:C02D  99 03 02          sta  $200 +3,y  ; x
   51  02:C030  18                clc
   52  02:C031  69 08             adc  #8
   53  02:C033  99 07 02          sta  $204 +3,y  ; x
   54                     
   55  02:C036  8A                txa
   56  02:C037  0A                asl  a
   57  02:C038  0A                asl  a
   58  02:C039  0A                asl  a
   59  02:C03A  18                clc
   60  02:C03B  69 10             adc  #16
   61  02:C03D  99 00 02          sta  $200,y             ; y
   62  02:C040  99 04 02          sta  $204,y             ; y
   63                     
   64  02:C043  BD 30 00          lda  PICO_BUF10,x
   65  02:C046  4A                lsr  a
   66  02:C047  4A                lsr  a
   67  02:C048  4A                lsr  a
   68  02:C049  4A                lsr  a
   69  02:C04A  20 FB C5          jsr  convHEX2
   70  02:C04D  99 01 02          sta $200 +1,y   ; pat
   71  02:C050  BD 30 00          lda  PICO_BUF10,x
   72  02:C053  20 FB C5          jsr  convHEX2
   73  02:C056  99 05 02          sta $204 +1,y   ; pat
   74                     
   75  02:C059  A9 03             lda #$03
   76  02:C05B  99 02 02          sta $200 +2,y   ; pal
   77  02:C05E  99 06 02          sta $204 +2,y   ; pal
   78                     
   79  02:C061  98                tya
   80  02:C062  18                clc
   81  02:C063  69 08             adc  #8
   82  02:C065  A8                tay
   83  02:C066  E8                inx
   84  02:C067  E0 18             cpx  #24
   85  02:C069  D0 C0             bne  .ddo_loop
   86                     
   87  02:C06B  60                rts
   88                     
   89                     
   90                     
   91  02:C06C            PLY_STG_MAIN:
   92  02:C06C  A5 B9             LDA     <STG_COD_SUB
   93                             TBL_JUMP
       02:C06E  0A                ASL     A
       02:C06F  86 0C             stx  <TMP_SYS
       02:C071  AA                TAX
       02:C072  BD 7E C0          LDA     .tbl00001+1,X
       02:C075  48                PHA
       02:C076  BD 7D C0          LDA     .tbl00001+0,X
       02:C079  A6 0C             ldx  <TMP_SYS
       02:C07B  48                PHA
       02:C07C  60                RTS
       02:C07D            .tbl00001:
   94                             JPTBL   PLY_STG_0       ; 0
       02:C07D  80 C0             DW      PLY_STG_0 -1
   95                             JPTBL   PLY_STG_1       ; 1
       02:C07F  DE C0             DW      PLY_STG_1 -1
   96                     
   97                     ;****** INIT ************
   98  02:C081            PLY_STG_0:
   99                             DISP_OFF
       02:C081  20 0D C7          jsr  _disp_off_sub
  100                     ;       INC     <NMI_FLG
  101                     
  102                     
  103  02:C084  A9 80             lda #$80
  104  02:C086  20 08 C4          JSR CLEAR_BG
  105  02:C089  A9 00             lda #$00
  106  02:C08B  20 E8 C3          JSR CLEAR_BG_24
  107                     
  108  02:C08E  20 B7 C5          jsr  SPT_CLR_RTN
  109  02:C091  A9 02             lda  #2
  110  02:C093  8D 14 40          sta  $4014              ; SP DMA
  111                     
  112                      
  113                             SET_VRAM_ADD2 #$2000+32*30
       02:C096  A9 23             lda #HIGH (#$2000+32*30)
       02:C098  8D 06 20      sta $2006
       02:C09B  A9 C0             lda #LOW  (#$2000+32*30)
       02:C09D  8D 06 20          sta $2006
  114  02:C0A0  A9 00             lda  #0
  115  02:C0A2  A0 40             ldy     #64
  116  02:C0A4            .loop2
  117  02:C0A4  8D 07 20          sta     $2007
  118  02:C0A7  88                dey
  119  02:C0A8  D0 FA             bne     .loop2
  120                     
  121                     
  122                     ;       SET_DATA_SRC  PAL_GAME_ADR
  123                     ;       jsr  setPalData
  124                     
  125                             SET_VRAM_ADD2 #$3F00
       02:C0AA  A9 3F             lda #HIGH (#$3F00)
       02:C0AC  8D 06 20      sta $2006
       02:C0AF  A9 00             lda #LOW  (#$3F00)
       02:C0B1  8D 06 20          sta $2006
  126  02:C0B4  A0 20             ldy  #32
  127  02:C0B6  A9 1F             lda  #$1F               ; 黒
  128  02:C0B8  20 E6 C6          jsr  SYS_VRAM_WLP
  129                     
  130                     ;       CHK_BIT <KEY_NEW, #KEY_A
  131                     
  132                             
  133                     
  134                     
  135                             SET_VRAM_ADD2   #$0800
       02:C0BB  A9 08             lda #HIGH (#$0800)
       02:C0BD  8D 06 20      sta $2006
       02:C0C0  A9 00             lda #LOW  (#$0800)
       02:C0C2  8D 06 20          sta $2006
  136  02:C0C5  A9 FF             lda  #FP_COM_INI
  137  02:C0C7  8D 07 20          sta  $2007
  138  02:C0CA  A5 62             lda  <PICO_STAGE
  139  02:C0CC  8D 07 20          sta  $2007              ; 0だったらタイトル画面
  140                     
  141                     
  142  02:C0CF  A9 00             lda  #0
  143  02:C0D1  85 94             sta  <BG_SCR_X
  144  02:C0D3  85 B2             sta  <BG_SCR_Y
  145                     
  146                     
  147  02:C0D5  A9 88             lda #FLG_PPU2000
  148  02:C0D7  85 B0             sta <FLG_2000
  149                     
  150  02:C0D9  E6 B9         INC <STG_COD_SUB
  151                     
  152                             DISP_ON
       02:C0DB  20 ED C6          jsr  _disp_on_sub
  153  02:C0DE  60                RTS
  154                     
  155                     ;       jmp  xPF_COM_DMOD
  156                     
  157                     
  158                     ;****** MAIN ***********
  159  02:C0DF            PLY_STG_1:
  160           0000       .if DEBUG_BUILD
  178                      .endif
  179                     
  180  02:C0DF  20 F3 E1          jsr  jobPICO
  181                     
  182  02:C0E2  A5 B8             lda  <STG_COD
  183  02:C0E4  C9 02             cmp  #ST_MAIN
  184  02:C0E6  F0 03             beq  .end
  185  02:C0E8  20 3D C5          jsr  SET_STG_COD
  186  02:C0EB            .end
  187  02:C0EB  60                rts
  188                     
  189                     
#[1]   PG_main.asm
   47                     
   48                     ;       .INCLUDE        "SysVRAMT.asm"
#[2]   SysNES.asm
   49                             .include        "SysNES.asm"
    1                     
    2  02:C0EC            UR_MAIN_SETUP:
    3                     
    4                             ;===============================
    5                             ;       サウンド・乱数初期化
    6                             ;===============================
    7                     ;@      jsr  EXS_RESET          ; 拡張システムリセット
    8                     
    9                     ;@      jsr  INIT_SOUND
   10                     
   11                     ;@      jsr  VRAMT_INIT ; VRAM転送システム初期化
   12                     
   13                             ;===============================
   14                             ;       FC-EXA 初期化
   15                             ;===============================
   16  02:C0EC  20 4D C1          jsr  BOOT_EXA
   17                     
   18                     
   19  02:C0EF  60                rts
   20                     
   21                     ;=====================================================
   22                     
   23  02:C0F0            UR_MAIN_LOOP:
   24  02:C0F0  20 0B C1          jsr WAIT_VSYNC
   25                             JOB_TIMEOUT
       02:C0F3  A5 78             lda  <DEMO_TIMER
       02:C0F5  F0 08             beq  .lpx00009
       02:C0F7  A5 B5             LDA  <SYS_TIMER
       02:C0F9  29 0F             AND  #$0f
       02:C0FB  D0 02             BNE      .lpx00009
       02:C0FD  C6 78             dec  <DEMO_TIMER
       02:C0FF            .lpx00009
   26                     ;@      JSR     KEY_RTN2        ;--- キー入力チェック -----
   27  02:C0FF  20 06 F0          JSR     KEY_RTN         ;--- キー入力チェック -----
   28                     
   29                     ;       sei
   30                     ;       lda  <HIRQ_ENA
   31                     ;       beq  .no_irq
   32                     ;       cli                     ; 割り込み解除
   33                     ;.no_irq
   34                     
   35  02:C102  20 1B C7          JSR     PLY_MAIN_S      ; メイン処理呼び出し
   36                     
   37  02:C105  20 7F C4          jsr  PAL_FADE_SYSTEM
   38  02:C108  4C 03 EF          jmp  MAIN_LOOP
   39                     
   40                     
   41                     ;--------------------
   42                     ; VSYNC 待ち
   43                     ;--------------------
   44  02:C10B            WAIT_VSYNC:
   45  02:C10B  A5 B5             lda  <SYS_TIMER
   46  02:C10D            .loop:
   47  02:C10D  C5 B5             cmp  <SYS_TIMER
   48  02:C10F  F0 FC             beq  .loop              ; NMI終了待ち
   49                     
   50  02:C111  60                rts
   51                     
   52                     ;==============================================================================
   53                     ;
   54                     ;                                               起動時メモリーテストシステム
   55                     ;
   56                     ;==============================================================================
   57                     ;===============================
   58                     ; RAMエラー検出
   59                     ;===============================
   60  02:C112            chk_ram_sub:
   61  02:C112  A0 00             ldy  #0
   62  02:C114            .chk_ram_s00:
   63  02:C114  A9 FF             lda  #$FF
   64  02:C116  91 08             sta  [SRC_ADR],y
   65  02:C118  D1 08             cmp  [SRC_ADR],y
   66  02:C11A  D0 0E             bne  .ram_error
   67                     ;       beq  .ram_error
   68                     
   69  02:C11C  A9 00             lda  #$00
   70  02:C11E  91 08             sta  [SRC_ADR],y
   71  02:C120  D1 08             cmp  [SRC_ADR],y
   72  02:C122  D0 06             bne  .ram_error
   73  02:C124  C8                iny
   74  02:C125  D0 ED             bne  .chk_ram_s00
   75                     
   76  02:C127  E6 09             inc  <SRC_ADR+1
   77  02:C129  60                rts
   78                     
   79  02:C12A            .ram_error
   80                             DEBUG_HALT
       02:C12A  78                sei
                                  BEEP $104,%11110011
       02:C12B  A9 00             lda #0
       02:C12D  8D 15 40          sta $4015
                          
                          ;       lda $4015               ; サウンドレジスタ
                          ;       ora #%00000001  ; 矩形波チャンネル１を有効にする
       02:C130  A9 01             lda #%00000001  ; 矩形波チャンネル１を有効にする
       02:C132  8D 15 40          sta $4015
                          
       02:C135  A9 BF             lda #%10111111  ; Duty比・長さ無効・減衰無効・減衰率
       02:C137  8D 00 40          sta $4000       ; 矩形波チャンネル１制御レジスタ１
                          
                          ;       lda #%10101011  ; スイープ有効・変化率・方向・変化量
                          ;       lda #%00101011  ; スイープ有効・変化率・方向・変化量
       02:C13A  A9 F3             lda #(%11110011)       ; スイープ有効・変化率・方向・変化量
       02:C13C  8D 01 40          sta $4001       ; 矩形波チャンネル１制御レジスタ２
                                  
       02:C13F  A9 04             lda #LOW($104)    ; 周波数(下位8ビット)
       02:C141  8D 02 40          sta $4002       ; 矩形波チャンネル１周波数レジスタ１
       02:C144  A9 F9             lda #%11111000 +(HIGH($104) &7)   ; 再生時間・周波数(上位3ビット)
       02:C146  8D 03 40          sta $4003       ; 矩形波チャンネル１周波数レジスタ２
                          
       02:C149            .halt00010
       02:C149  4C 49 C1          jmp  .halt00010
   81  02:C14C  60                rts
   82                     
   83                     
   84                     
   85                     
   86                     ;==============================================================================
   87                     ;
   88                     ;                                               起動時EXAチェックシステム
   89                     ;
   90                     ;==============================================================================
   91                     
   92  02:C14D            BOOT_EXA:
   93  02:C14D  A2 01             ldx  #1
   94  02:C14F  20 8E C3          jsr  WAIT_VBLANK_X_SD
   95                     
   96  02:C152  20 E1 E1          jsr  EXS_RESET          ; 拡張システムリセット
   97                     
   98                             ; 拡張RAM存在チェック
   99  02:C155  AD 00 60          lda  $6000
  100  02:C158  AA                tax
  101  02:C159  49 FF             eor  #$FF
  102  02:C15B  8D 00 60          sta  $6000
  103  02:C15E  CD 00 60          cmp  $6000
  104  02:C161  D0 0A             bne  .noexa00
  105  02:C163  8E 00 60          stx  $6000
  106                     
  107                             RSTAT_EXA
       02:C166  AD 00 50          lda  $5000
  108  02:C169  C9 50             cmp  #STAT_NOEXA
  109  02:C16B  D0 03             bne  .exa00
  110                             ; EXA無し
  111  02:C16D            .noexa00
  112  02:C16D  E6 76             inc  <EXA_MODE
  113  02:C16F  60                rts
  114  02:C170            .exa00
  115                     
  116                     ;@      jsr STOP_SE
  117                     ;@      jsr  STOP_BGM
  118                     
  119                     ;       lda  #%000_01_0_00              ; NO-NMI
  120                     ;       sta      $2000
  121                     ;       lda  #%000_01_110
  122                     ;       sta      $2001
  123                     
  124  02:C170  20 CE C3          jsr  VBLANK_START
  125                             SET_VRAM_ADD2   #$2000 + 32*5 + 1
       02:C173  A9 20             lda #HIGH (#$2000 + 32*5 + 1)
       02:C175  8D 06 20      sta $2006
       02:C178  A9 A1             lda #LOW  (#$2000 + 32*5 + 1)
       02:C17A  8D 06 20          sta $2006
  126                             DRAW_STRING2 "FC-EXA BOOT"
       02:C17D  A9 C1             LDA  #HIGH (.end00014 -1)
       02:C17F  48                PHA
       02:C180  A9 97             LDA  #LOW (.end00014 -1)
       02:C182  48                PHA
       02:C183  A9 8C             LDA  #LOW (.tbl00014 )
       02:C185  85 08             STA  <SRC_ADR
       02:C187  A9 C1             LDA  #HIGH (.tbl00014 )
       02:C189  4C C5 C5          jmp  DRAW_STRING_SUB
       02:C18C            .tbl00014:
       02:C18C  46 43 2D      db  "FC-EXA BOOT",0
       02:C18F  45 58 41  
       02:C192  20 42 4F  
       02:C195  4F 54 00  
       02:C198            .end00014:
  127  02:C198  20 98 C3          jsr  VBLANK_END_SD
  128                     
  129                             ;---- STAT_BOOT検出 ------------------------
  130  02:C19B            .boot_exa01
  131  02:C19B  20 CE C3          jsr  VBLANK_START
  132                             SET_VRAM_ADD2   #$2000 + 32*7 + 1
       02:C19E  A9 20             lda #HIGH (#$2000 + 32*7 + 1)
       02:C1A0  8D 06 20      sta $2006
       02:C1A3  A9 E1             lda #LOW  (#$2000 + 32*7 + 1)
       02:C1A5  8D 06 20          sta $2006
  133                             RSTAT_EXA
       02:C1A8  AD 00 50          lda  $5000
  134  02:C1AB  48                pha
  135  02:C1AC  20 EB C5          jsr  DRAW_HEX_BYTE
  136                     
  137                             DRAW_STRING2 ">STAT_BOOT"
       02:C1AF  A9 C1             LDA  #HIGH (.end00017 -1)
       02:C1B1  48                PHA
       02:C1B2  A9 C8             LDA  #LOW (.end00017 -1)
       02:C1B4  48                PHA
       02:C1B5  A9 BE             LDA  #LOW (.tbl00017 )
       02:C1B7  85 08             STA  <SRC_ADR
       02:C1B9  A9 C1             LDA  #HIGH (.tbl00017 )
       02:C1BB  4C C5 C5          jmp  DRAW_STRING_SUB
       02:C1BE            .tbl00017:
       02:C1BE  3E 53 54      db  ">STAT_BOOT",0
       02:C1C1  41 54 5F  
       02:C1C4  42 4F 4F  
       02:C1C7  54 00     
       02:C1C9            .end00017:
  138  02:C1C9  20 98 C3          jsr  VBLANK_END_SD
  139                     
  140  02:C1CC  68                pla
  141  02:C1CD  C9 80             cmp  #STAT_BOOT
  142  02:C1CF  D0 CA             bne  .boot_exa01
  143                     
  144                     ;@      lda  #SE_CUR_SEL
  145                     ;@      jsr  PLAY_SE
  146                     
  147                             ;---- STAT_SEALED検出 ------------------------
  148  02:C1D1            .boot_exa02
  149  02:C1D1  20 CE C3          jsr  VBLANK_START
  150                             SET_VRAM_ADD2   #$2000 + 32*8 + 1
       02:C1D4  A9 21             lda #HIGH (#$2000 + 32*8 + 1)
       02:C1D6  8D 06 20      sta $2006
       02:C1D9  A9 01             lda #LOW  (#$2000 + 32*8 + 1)
       02:C1DB  8D 06 20          sta $2006
  151                             RSTAT_EXA
       02:C1DE  AD 00 50          lda  $5000
  152  02:C1E1  48                pha
  153  02:C1E2  20 EB C5          jsr  DRAW_HEX_BYTE
  154                     
  155                             DRAW_STRING2 ">STAT_SEALED"
       02:C1E5  A9 C2             LDA  #HIGH (.end00020 -1)
       02:C1E7  48                PHA
       02:C1E8  A9 00             LDA  #LOW (.end00020 -1)
       02:C1EA  48                PHA
       02:C1EB  A9 F4             LDA  #LOW (.tbl00020 )
       02:C1ED  85 08             STA  <SRC_ADR
       02:C1EF  A9 C1             LDA  #HIGH (.tbl00020 )
       02:C1F1  4C C5 C5          jmp  DRAW_STRING_SUB
       02:C1F4            .tbl00020:
       02:C1F4  3E 53 54      db  ">STAT_SEALED",0
       02:C1F7  41 54 5F  
       02:C1FA  53 45 41  
       02:C1FD  4C 45 44  
       02:C200  00        
       02:C201            .end00020:
  156  02:C201  20 98 C3          jsr  VBLANK_END_SD
  157                     
  158  02:C204  68                pla
  159  02:C205  C9 81             cmp  #STAT_SEALED
  160  02:C207  D0 C8             bne  .boot_exa02
  161                     
  162                             ;---- 封印解除コマンド送信 ------------------------
  163  02:C209  A2 01             ldx  #1
  164  02:C20B  20 8E C3          jsr  WAIT_VBLANK_X_SD
  165                     
  166                     ;@      lda  #SE_CUR_SEL
  167                     ;@      jsr  PLAY_SE
  168                     
  169  02:C20E  20 CF E1          jsr  EXS_INIT
  170                     
  171                             ;---- 封印解除待ち ------------------------
  172  02:C211            .boot_exa03
  173  02:C211  20 CE C3          jsr  VBLANK_START
  174                             SET_VRAM_ADD2   #$2000 + 32*9 + 1
       02:C214  A9 21             lda #HIGH (#$2000 + 32*9 + 1)
       02:C216  8D 06 20      sta $2006
       02:C219  A9 21             lda #LOW  (#$2000 + 32*9 + 1)
       02:C21B  8D 06 20          sta $2006
  175                             RSTAT_EXA
       02:C21E  AD 00 50          lda  $5000
  176  02:C221  48                pha
  177  02:C222  20 EB C5          jsr  DRAW_HEX_BYTE
  178                     
  179                             DRAW_STRING2 ">STAT_WAIT"
       02:C225  A9 C2             LDA  #HIGH (.end00023 -1)
       02:C227  48                PHA
       02:C228  A9 3E             LDA  #LOW (.end00023 -1)
       02:C22A  48                PHA
       02:C22B  A9 34             LDA  #LOW (.tbl00023 )
       02:C22D  85 08             STA  <SRC_ADR
       02:C22F  A9 C2             LDA  #HIGH (.tbl00023 )
       02:C231  4C C5 C5          jmp  DRAW_STRING_SUB
       02:C234            .tbl00023:
       02:C234  3E 53 54      db  ">STAT_WAIT",0
       02:C237  41 54 5F  
       02:C23A  57 41 49  
       02:C23D  54 00     
       02:C23F            .end00023:
  180  02:C23F  20 98 C3          jsr  VBLANK_END_SD
  181                     
  182  02:C242  68                pla
  183  02:C243  C9 40             cmp  #STAT_WAIT
  184  02:C245  D0 CA             bne  .boot_exa03
  185                     
  186                     ;@      lda  #SE_CUR_SEL
  187                     ;@      jsr  PLAY_SE
  188                             
  189  02:C247  A2 0A             ldx  #10
  190  02:C249  20 8E C3          jsr  WAIT_VBLANK_X_SD
  191                     
  192                             ;---- 拡張RAMテスト ------------------------
  193  02:C24C  20 06 F0          jsr  KEY_RTN
  194                             CHK_BIT <KEY_NEW, #KEY_SEL
       02:C24F  A5 85             LDA     <KEY_NEW
       02:C251  29 20             AND     #KEY_SEL
  195  02:C253  F0 6C             beq  .skip_exramtest 
  196                     
  197  02:C255  20 CF C2          jsr  exram_sub
  198  02:C258  B0 35             bcs  .error_exram
  199                     
  200  02:C25A  20 CE C3          jsr  VBLANK_START
  201                             SET_VRAM_ADD2   #$2000 + 32*12 + 1
       02:C25D  A9 21             lda #HIGH (#$2000 + 32*12 + 1)
       02:C25F  8D 06 20      sta $2006
       02:C262  A9 81             lda #LOW  (#$2000 + 32*12 + 1)
       02:C264  8D 06 20          sta $2006
  202                     
  203                             DRAW_STRING2 "EXRAM_TEST OK"
       02:C267  A9 C2             LDA  #HIGH (.end00026 -1)
       02:C269  48                PHA
       02:C26A  A9 83             LDA  #LOW (.end00026 -1)
       02:C26C  48                PHA
       02:C26D  A9 76             LDA  #LOW (.tbl00026 )
       02:C26F  85 08             STA  <SRC_ADR
       02:C271  A9 C2             LDA  #HIGH (.tbl00026 )
       02:C273  4C C5 C5          jmp  DRAW_STRING_SUB
       02:C276            .tbl00026:
       02:C276  45 58 52      db  "EXRAM_TEST OK",0
       02:C279  41 4D 5F  
       02:C27C  54 45 53  
       02:C27F  54 20 4F  
       02:C282  4B 00     
       02:C284            .end00026:
  204  02:C284  20 98 C3          jsr  VBLANK_END_SD
  205                     
  206  02:C287  A2 B4             ldx  #180
  207  02:C289  20 8E C3          jsr  WAIT_VBLANK_X_SD
  208                             
  209  02:C28C  4C C1 C2          jmp  .skip_exramtest
  210                     
  211  02:C28F            .error_exram
  212  02:C28F  20 CE C3          jsr  VBLANK_START
  213                             SET_VRAM_ADD2   #$2000 + 32*12 + 1
       02:C292  A9 21             lda #HIGH (#$2000 + 32*12 + 1)
       02:C294  8D 06 20      sta $2006
       02:C297  A9 81             lda #LOW  (#$2000 + 32*12 + 1)
       02:C299  8D 06 20          sta $2006
  214                     
  215                             DRAW_STRING2 "EXRAM_TEST NG"
       02:C29C  A9 C2             LDA  #HIGH (.end00028 -1)
       02:C29E  48                PHA
       02:C29F  A9 B8             LDA  #LOW (.end00028 -1)
       02:C2A1  48                PHA
       02:C2A2  A9 AB             LDA  #LOW (.tbl00028 )
       02:C2A4  85 08             STA  <SRC_ADR
       02:C2A6  A9 C2             LDA  #HIGH (.tbl00028 )
       02:C2A8  4C C5 C5          jmp  DRAW_STRING_SUB
       02:C2AB            .tbl00028:
       02:C2AB  45 58 52      db  "EXRAM_TEST NG",0
       02:C2AE  41 4D 5F  
       02:C2B1  54 45 53  
       02:C2B4  54 20 4E  
       02:C2B7  47 00     
       02:C2B9            .end00028:
  216  02:C2B9  20 98 C3          jsr  VBLANK_END_SD
  217                     
  218  02:C2BC  A2 B4             ldx  #180
  219  02:C2BE  20 8E C3          jsr  WAIT_VBLANK_X_SD
  220                     
  221                     
  222                     
  223  02:C2C1            .skip_exramtest
  224  02:C2C1  A9 00             lda  #0
  225  02:C2C3  8D 00 20          sta      $2000
  226  02:C2C6  8D 01 20          sta      $2001
  227  02:C2C9  A2 01             ldx  #1
  228  02:C2CB  20 8E C3          jsr  WAIT_VBLANK_X_SD
  229  02:C2CE  60                rts
  230                     
  231  02:C2CF            exram_sub
  232                             ;---------------------------
  233                             ; RAMバンク切り替えテスト
  234                             ;---------------------------
  235  02:C2CF  A2 00             ldx  #0
  236  02:C2D1            .loop
  237  02:C2D1  86 05             stx  <TMP_SVX
  238  02:C2D3  8A                txa
  239  02:C2D4  20 F4 C2          jsr  exram_sub2
  240  02:C2D7  B0 1A             bcs  .error
  241  02:C2D9  A6 05             ldx  <TMP_SVX
  242  02:C2DB  E8                inx
  243  02:C2DC  E0 04             cpx  #4
  244  02:C2DE  D0 F1             bne  .loop
  245                     
  246                             ;---------------------------
  247                             ; RAMバンク RAM独立性テスト
  248                             ;---------------------------
  249  02:C2E0  A2 00             ldx  #0
  250  02:C2E2            .loop2
  251  02:C2E2  86 05             stx  <TMP_SVX
  252  02:C2E4  8A                txa
  253  02:C2E5  20 05 C3          jsr  exram_sub3
  254  02:C2E8  B0 09             bcs  .error
  255  02:C2EA  A6 05             ldx  <TMP_SVX
  256  02:C2EC  E8                inx
  257  02:C2ED  E0 04             cpx  #4
  258  02:C2EF  D0 F1             bne  .loop2
  259                     
  260                             
  261  02:C2F1  18                clc
  262  02:C2F2  60                rts
  263  02:C2F3            .error
  264  02:C2F3  60                rts
  265                     
  266  02:C2F4            exram_sub2
  267  02:C2F4  20 3A E0          jsr  setWRAM_BANK
  268  02:C2F7  B0 0B             bcs  .end
  269  02:C2F9  A6 05             ldx  <TMP_SVX
  270  02:C2FB  AD 00 60          lda  $6000
  271  02:C2FE  9D 18 00          sta  GM_TMP0,x
  272  02:C301  8E 00 60          stx  $6000
  273  02:C304            .end
  274  02:C304  60                rts
  275                     
  276  02:C305            exram_sub3
  277  02:C305  20 3A E0          jsr  setWRAM_BANK
  278  02:C308  B0 18             bcs  .end
  279  02:C30A  A6 05             ldx  <TMP_SVX
  280  02:C30C  EC 00 60          cpx  $6000
  281  02:C30F  D0 11             bne  .end
  282  02:C311  BD 18 00          lda  GM_TMP0,x
  283  02:C314  8D 00 60          sta  $6000
  284                     
  285  02:C317  A0 60             ldy  #$60
  286  02:C319            .loop
  287  02:C319  20 24 C3          jsr  .MEMCHK_SUB
  288  02:C31C  C0 80             cpy  #$80
  289  02:C31E  F0 F9             beq  .loop
  290                     
  291  02:C320  18                clc
  292  02:C321  60                rts
  293  02:C322            .end
  294  02:C322  38                sec
  295  02:C323  60                rts
  296                     
  297                     
  298                     ;--------------------------------
  299                     ; メモリーチェック文字列セット
  300                     ; Y reg = チェックアドレスインデックス
  301                     ;--------------------------------
  302  02:C324            .MEMCHK_SUB:
  303  02:C324  98                tya
  304  02:C325  48                pha
  305  02:C326  85 0B             sta  <DST_ADR+1
  306  02:C328  A0 00             ldy  #0
  307  02:C32A  84 0A             sty  <DST_ADR+0
  308  02:C32C            .loop_nozp
  309  02:C32C  B1 0A             lda  [DST_ADR],y
  310  02:C32E  49 FF             eor  #$FF
  311  02:C330  91 0A             sta  [DST_ADR],y
  312  02:C332  D1 0A             cmp  [DST_ADR],y
  313  02:C334  D0 0E             bne  .MEMCHK_ERROR
  314  02:C336  49 FF             eor  #$FF
  315  02:C338  91 0A             sta  [DST_ADR],y
  316  02:C33A  D1 0A             cmp  [DST_ADR],y
  317  02:C33C  D0 06             bne  .MEMCHK_ERROR
  318                     
  319  02:C33E  C8                iny
  320  02:C33F  D0 EB             bne  .loop_nozp
  321                     ;.skip
  322  02:C341  68                pla
  323  02:C342  A8                tay
  324  02:C343  60                rts
  325                     
  326                     
  327  02:C344            .MEMCHK_ERROR:
  328                             SET_VRAM_ADD2   #$2000 + 32*12 + 14
       02:C344  A9 21             lda #HIGH (#$2000 + 32*12 + 14)
       02:C346  8D 06 20      sta $2006
       02:C349  A9 8E             lda #LOW  (#$2000 + 32*12 + 14)
       02:C34B  8D 06 20          sta $2006
  329  02:C34E  A5 0B             lda  <DST_ADR+1
  330  02:C350  C9 40             cmp  #$40
  331  02:C352  90 0A             bcc  .mce_00
  332                     
  333                             SET_VRAM_ADD2   #$2000 + 32*12 + 23-1
       02:C354  A9 21             lda #HIGH (#$2000 + 32*12 + 23-1)
       02:C356  8D 06 20      sta $2006
       02:C359  A9 96             lda #LOW  (#$2000 + 32*12 + 23-1)
       02:C35B  8D 06 20          sta $2006
  334  02:C35E            .mce_00
  335                             
  336  02:C35E  A9 4E             lda  #'N'
  337  02:C360  8D 07 20          sta  $2007
  338  02:C363  A9 47             lda  #'G'
  339  02:C365  8D 07 20          sta  $2007
  340                             BEEP $104,%11110011
       02:C368  A9 00             lda #0
       02:C36A  8D 15 40          sta $4015
                          
                          ;       lda $4015               ; サウンドレジスタ
                          ;       ora #%00000001  ; 矩形波チャンネル１を有効にする
       02:C36D  A9 01             lda #%00000001  ; 矩形波チャンネル１を有効にする
       02:C36F  8D 15 40          sta $4015
                          
       02:C372  A9 BF             lda #%10111111  ; Duty比・長さ無効・減衰無効・減衰率
       02:C374  8D 00 40          sta $4000       ; 矩形波チャンネル１制御レジスタ１
                          
                          ;       lda #%10101011  ; スイープ有効・変化率・方向・変化量
                          ;       lda #%00101011  ; スイープ有効・変化率・方向・変化量
       02:C377  A9 F3             lda #(%11110011)       ; スイープ有効・変化率・方向・変化量
       02:C379  8D 01 40          sta $4001       ; 矩形波チャンネル１制御レジスタ２
                                  
       02:C37C  A9 04             lda #LOW($104)    ; 周波数(下位8ビット)
       02:C37E  8D 02 40          sta $4002       ; 矩形波チャンネル１周波数レジスタ１
       02:C381  A9 F9             lda #%11111000 +(HIGH($104) &7)   ; 再生時間・周波数(上位3ビット)
       02:C383  8D 03 40          sta $4003       ; 矩形波チャンネル１周波数レジスタ２
                          
  341  02:C386            .loop_me
  342  02:C386  A9 00             lda  #0
  343  02:C388  20 B6 C3          jsr  WAIT_VBLANK_X
  344                     
  345  02:C38B  4C 86 C3          jmp  .loop_me
  346                     
  347                     
  348                     
  349                     
  350                     ;==============================================================================
  351                     ;
  352                     ;                                       NMI禁止型　画面表示システム ※拡張
  353                     ;
  354                     ;==============================================================================
  355                     
  356                     ;--------------------------------
  357                     ; Xレジで指定フレームウェイト　サウンド処理あり
  358                     ;--------------------------------
  359  02:C38E            WAIT_VBLANK_X_SD:
  360  02:C38E  20 CE C3          jsr  VBLANK_START
  361                     
  362  02:C391  20 98 C3          jsr  VBLANK_END_SD
  363                     
  364  02:C394  CA                dex
  365  02:C395  D0 F7             bne  WAIT_VBLANK_X_SD
  366  02:C397  60                rts
  367                     
  368                     
  369  02:C398            VBLANK_END_SD:
  370                             RESET_SCR_XY
       02:C398  A9 00             lda  #0
       02:C39A  8D 05 20          sta  $2005
       02:C39D  8D 05 20          sta  $2005
  371                     
  372                             phxy
       02:C3A0  85 0C             sta  <TMP_SYS
       02:C3A2  8A                txa
       02:C3A3  48                pha
       02:C3A4  98                tya
       02:C3A5  48                pha
       02:C3A6  A5 0C             lda  <TMP_SYS
  373           0001       .if 1
  374                     ;@      PUSH_BANK
  375                     ;@      CHG_BANK_LB SOUND_SYSTEM
  376                     ;@      jsr  SOUND_SYSTEM
  377                     ;@      POP_BANK
  378                      .endif
  379                     
  380                             WAIT_VBLANK_END
       02:C3A8            .wait_loop00034
       02:C3A8  2C 02 20          bit      $2002  ;ppu__status
       02:C3AB  30 FB             bmi     .wait_loop00034
  381                     
  382                             
  383                             plxy
       02:C3AD  85 0C             sta  <TMP_SYS
       02:C3AF  68                pla
       02:C3B0  A8                tay
       02:C3B1  68                pla
       02:C3B2  AA                tax
       02:C3B3  A5 0C             lda  <TMP_SYS
  384  02:C3B5  60                rts
  385                     
  386           0000       .if 0
  395                      .endif
  396                      
  397                     ;--------------------------------
  398                     ; Xレジで指定フレームウェイト
  399                     ;--------------------------------
  400  02:C3B6            WAIT_VBLANK_X:
  401  02:C3B6  20 CE C3          jsr  VBLANK_START
  402                     
  403  02:C3B9  20 C0 C3          jsr  VBLANK_END
  404                     
  405  02:C3BC  CA                dex
  406  02:C3BD  D0 F7             bne  WAIT_VBLANK_X
  407  02:C3BF  60                rts
  408                     
  409                     
  410  02:C3C0            VBLANK_END:
  411                             RESET_SCR_XY
       02:C3C0  A9 00             lda  #0
       02:C3C2  8D 05 20          sta  $2005
       02:C3C5  8D 05 20          sta  $2005
  412                             WAIT_VBLANK_END
       02:C3C8            .wait_loop00037
       02:C3C8  2C 02 20          bit      $2002  ;ppu__status
       02:C3CB  30 FB             bmi     .wait_loop00037
  413  02:C3CD  60                rts
  414                     
  415                     
  416  02:C3CE            VBLANK_START:
  417  02:C3CE  20 7F C4          jsr PAL_FADE_SYSTEM
  418                     
  419                             incw  <SYS_TIMER
       02:C3D1  E6 B5             inc     <SYS_TIMER
       02:C3D3  D0 02             bne     .iend00038
                          
       02:C3D5  E6 B6             inc     <SYS_TIMER + 1
       02:C3D7            .iend00038:
                          
  420  02:C3D7  20 06 F0          jsr   KEY_RTN           ;--- キー入力チェック -----
  421                             WAIT_VBLANK
       02:C3DA            .wait_loop00039
       02:C3DA  2C 02 20          bit      $2002  ;ppu__status
       02:C3DD  10 FB             bpl     .wait_loop00039
  422                     
  423                     ;--- スプライトDMA転送 ----- （※512 clock消費）
  424  02:C3DF  A9 02             lda  #2                 ;ここに必要
  425  02:C3E1  8D 14 40          sta  $4014              ;ここに必要
  426                     
  427  02:C3E4  20 A9 C4          jsr  transPALLET
  428                             
  429  02:C3E7  60                rts
  430                     
  431                     
  432                     
#[1]   PG_main.asm
#[2]   SysData.asm
   50                             .INCLUDE        "SysData.asm"
    1                     
    2                     
    3                     ;***********************************************************************
    4                     ;       データ転送関連システム
    5                     ;***********************************************************************
    6                     
    7                     
    8                     ;=======================
    9                     ; 背景データ 2400       *
   10                     ;=======================
   11  02:C3E8            CLEAR_BG_24:
   12  02:C3E8  48                pha
   13                             SET_VRAM_ADD2 #$2400
       02:C3E9  A9 24             lda #HIGH (#$2400)
       02:C3EB  8D 06 20      sta $2006
       02:C3EE  A9 00             lda #LOW  (#$2400)
       02:C3F0  8D 06 20          sta $2006
   14  02:C3F3  68                pla
   15  02:C3F4  4C 14 C4          jmp  CLEAR_BG_00
   16                     
   17                     ;=======================
   18                     ; 背景データ 2C00       *
   19                     ;=======================
   20  02:C3F7            CLEAR_BG_2C:
   21  02:C3F7  48                pha
   22                             SET_VRAM_ADD2 #$2C00
       02:C3F8  A9 2C             lda #HIGH (#$2C00)
       02:C3FA  8D 06 20      sta $2006
       02:C3FD  A9 00             lda #LOW  (#$2C00)
       02:C3FF  8D 06 20          sta $2006
   23  02:C402  68                pla
   24  02:C403  4C 14 C4          jmp  CLEAR_BG_00
   25                     
   26  02:C406            BAK_CLR_RTN:
   27  02:C406  A9 00             lda  #$00
   28  02:C408            CLEAR_BG:
   29  02:C408  48                pha
   30                             SET_VRAM_ADD2 #$2000
       02:C409  A9 20             lda #HIGH (#$2000)
       02:C40B  8D 06 20      sta $2006
       02:C40E  A9 00             lda #LOW  (#$2000)
       02:C410  8D 06 20          sta $2006
   31  02:C413  68                pla
   32                     
   33  02:C414            CLEAR_BG_00:
   34  02:C414  A0 00             ldy  #0
   35  02:C416  20 1F C4          jsr  CLEAR_VRAM
   36  02:C419  20 1F C4          jsr  CLEAR_VRAM
   37  02:C41C  20 1F C4          jsr  CLEAR_VRAM
   38                     
   39  02:C41F            CLEAR_VRAM:
   40  02:C41F  8D 07 20          sta  $2007
   41  02:C422  88                dey
   42  02:C423  D0 FA             bne  CLEAR_VRAM
   43  02:C425  60                rts
   44                     
   45                     
   46                     ;=======================
   47                     ; パレット初期セットサブ
   48                     ;  IN: SRC_ADR 転送元アドレス 16bit
   49                     ;=======================
   50  02:C426            setPalData:
   51  02:C426  A0 20             ldy  #32
   52                             SET_DATA_DST PAL_WRK
       02:C428  A9 30             lda     #LOW (PAL_WRK)
       02:C42A  85 0A             sta     <DST_ADR
       02:C42C  A9 03             lda #HIGH (PAL_WRK)
       02:C42E  85 0B         sta <DST_ADR +1
   53  02:C430            setPalData2:
   54                             PAL_CHG
       02:C430  E6 B4             inc  <PAL_CHG_FG
   55  02:C432  4C 35 C4          jmp  memcpy
   56                     
   57                     
   58                     
   59                     ;=======================
   60                     ; ROMの指定バンクのデータをRAMにコピーする
   61                     ;  IN: SRC_ADR 転送元アドレス 16bit
   62                     ;  IN: DST_ADR 転送先アドレス 16bit
   63                     ;  IN: Y 転送サイズ
   64                     ;  破壊 A,Y
   65                     ;=======================
   66  02:C435            memcpy:
   67  02:C435            .loop
   68  02:C435  88                dey
   69  02:C436  B1 08             lda  [SRC_ADR],y
   70  02:C438  91 0A             sta  [DST_ADR],y
   71  02:C43A  C0 00             cpy  #0
   72  02:C43C  D0 F7             bne  .loop
   73  02:C43E  60                rts
   74                     
#[1]   PG_main.asm
#[2]   SysPallet.asm
   51                             .INCLUDE        "SysPallet.asm"
    1                     ;========================================
    2                     ; Pallet System
    3                     ;========================================
    4           0004      DEF_FADE_SPD    equ 4   ; デフォルトフェード速度
    5                     
    6                     
    7                     ;*****************************************
    8                     ;黒フェードイン
    9                     ;*****************************************
   10  02:C43F            SET_FADE_IN_B:
   11  02:C43F  A9 04             lda     #DEF_FADE_SPD
   12  02:C441            SET_FADE_IN_B2:
   13  02:C441  A0 C0             ldy     #-$40
   14  02:C443  A2 10             ldx     #$10
   15  02:C445  D0 16             bne fade_set_end
   16                     ;*****************************************
   17                     ;黒フェードアウト
   18                     ;*****************************************
   19  02:C447            SET_FADE_OUT_B:
   20  02:C447  A9 04             lda     #DEF_FADE_SPD
   21  02:C449            SET_FADE_OUT_B2:
   22  02:C449  A0 00             ldy     #0
   23  02:C44B  A2 F0             ldx     #-$10
   24  02:C44D  D0 0E             bne fade_set_end
   25                     ;*****************************************
   26                     ;白フェードイン
   27                     ;*****************************************
   28  02:C44F            SET_FADE_IN_W:
   29  02:C44F  A9 04             lda     #DEF_FADE_SPD
   30  02:C451            SET_FADE_IN_W2:
   31  02:C451  A0 40             ldy     #$40
   32  02:C453  A2 F0             ldx     #-$10
   33  02:C455  D0 06             bne fade_set_end
   34                     ;*****************************************
   35                     ;白フェードアウト
   36                     ;*****************************************
   37  02:C457            SET_FADE_OUT_W:
   38  02:C457  A9 04             lda     #DEF_FADE_SPD
   39  02:C459            SET_FADE_OUT_W2:
   40  02:C459  A0 00             ldy     #0
   41  02:C45B  A2 10             ldx     #$10
   42  02:C45D            fade_set_end:
   43  02:C45D  8D 06 03          sta PALFADE_TIME
   44  02:C460  8D 07 03          sta     PALFADE_CNT
   45  02:C463  8E 09 03          stx     PALFADE_ADD
   46  02:C466  8C 08 03          sty     PALFADE_VAL
   47                             PAL_CHG
       02:C469  E6 B4             inc  <PAL_CHG_FG
   48  02:C46B  60                rts
   49                     
   50                     ;*****************************************
   51                     ;フェード終了待ち
   52                     ;*****************************************
   53  02:C46C            WAIT_FADE_END:
   54  02:C46C  A5 B0             lda  <FLG_2000
   55  02:C46E  8D 00 20          sta      $2000                          ; このタイミングでNMI発生
   56  02:C471            .loop
   57  02:C471  20 0B C1          jsr  WAIT_VSYNC
   58  02:C474  20 7F C4          jsr  PAL_FADE_SYSTEM
   59  02:C477  AD 06 03          lda      PALFADE_TIME
   60  02:C47A  D0 F5             bne  .loop
   61  02:C47C  4C 0B C1          jmp  WAIT_VSYNC
   62                     
   63                     
   64                     ;*****************************************
   65                     ;パレットフェードシステム
   66                     ;*****************************************
   67                             
   68  02:C47F            PAL_FADE_SYSTEM:
   69  02:C47F  AD 06 03          lda     PALFADE_TIME
   70  02:C482  F0 1E             beq     .ret            ; フェードタイムが０なら何もしないでリターン
   71  02:C484  CE 07 03          dec     PALFADE_CNT
   72  02:C487  D0 19             bne     .ret            ; カウントダウン中ならリターン
   73  02:C489  8D 07 03          sta     PALFADE_CNT
   74                     
   75                             PAL_CHG
       02:C48C  E6 B4             inc  <PAL_CHG_FG
   76  02:C48E  AD 09 03          lda     PALFADE_ADD
   77  02:C491  18                clc
   78  02:C492  6D 08 03          adc     PALFADE_VAL
   79  02:C495  8D 08 03          sta     PALFADE_VAL
   80  02:C498  F0 09             beq     .end_fade
   81  02:C49A  C9 50             cmp #$50
   82  02:C49C  F0 05             beq     .end_fade
   83  02:C49E  C9 B0             cmp #-$50
   84  02:C4A0  F0 01             beq     .end_fade
   85  02:C4A2            .ret
   86  02:C4A2  60                rts
   87                     
   88  02:C4A3            .end_fade
   89  02:C4A3  A9 00             lda     #0
   90  02:C4A5  8D 06 03          sta     PALFADE_TIME
   91                     ;       sta     PALFADE_MASK
   92  02:C4A8  60                rts
   93                     
   94                     ;*****************************************
   95                     ;パレットＰＰＵ転送システム
   96                     ;*****************************************
   97  02:C4A9            transPALLET:
   98  02:C4A9  A5 B4             lda  <PAL_CHG_FG
   99  02:C4AB  F0 1C             beq  .end
  100                     
  101  02:C4AD  A2 00             ldx  #0
  102  02:C4AF  86 B4             stx  <PAL_CHG_FG
  103  02:C4B1  A9 3F             lda  #$3F
  104  02:C4B3  8D 06 20          sta  $2006      ; hi
  105  02:C4B6  8E 06 20          stx  $2006      ; low
  106                             
  107  02:C4B9  AD 08 03          lda  PALFADE_VAL
  108  02:C4BC  D0 0C             BNE  .fadepal00
  109                             ; ダイレクト転送
  110  02:C4BE            .loop
  111  02:C4BE  BD 30 03          lda  PAL_WRK,x
  112  02:C4C1  8D 07 20          sta  $2007
  113  02:C4C4  E8                inx
  114  02:C4C5  E0 20             cpx  #32
  115  02:C4C7  D0 F5             bne  .loop
  116  02:C4C9            .end
  117  02:C4C9  60                rts
  118                     
  119                             ; フェード中転送
  120  02:C4CA            .fadepal00
  121  02:C4CA  30 11             bmi  .fadepal01
  122                     
  123  02:C4CC            .palwcre020             ; 加算転送 （白フェード用）
  124  02:C4CC  A0 00             ldy  #0
  125  02:C4CE            .loop_w0
  126  02:C4CE  B9 EE C4          lda  tblFadeMask,y
  127  02:C4D1  2D 0A 03          and  PALFADE_MASK
  128  02:C4D4  20 F6 C4          jsr  sub_palwcre
  129  02:C4D7  C8                iny
  130  02:C4D8  C0 08             cpy  #8
  131  02:C4DA  D0 F2             bne  .loop_w0
  132  02:C4DC  60                rts
  133                     
  134                     
  135                     
  136  02:C4DD            .fadepal01      ; 減算転送 （黒フェード用）
  137  02:C4DD  A0 00             ldy  #0
  138  02:C4DF            .loop_b0
  139  02:C4DF  B9 EE C4          lda  tblFadeMask,y
  140  02:C4E2  2D 0A 03          and  PALFADE_MASK
  141  02:C4E5  20 15 C5          jsr  sub_palbcre
  142  02:C4E8  C8                iny
  143  02:C4E9  C0 08             cpy  #8
  144  02:C4EB  D0 F2     .       bne  .loop_b0
  145  02:C4ED  60                rts
  146                     
  147                     
  148  02:C4EE            tblFadeMask:
  149  02:C4EE  01 02 04          db  $01,$02,$04,$08,$10,$20,$40,$80
       02:C4F1  08 10 20  
       02:C4F4  40 80     
  150                     
  151                     ;--------------------
  152                     ; 白フェードサブ
  153                     ;--------------------
  154  02:C4F6            sub_palwcre
  155  02:C4F6  D0 38             bne  sub_paldirect
  156  02:C4F8            .loop
  157  02:C4F8  BD 30 03          lda     PAL_WRK,x
  158  02:C4FB  C9 0F             cmp     #$0F            ; $0Fは特殊扱い
  159  02:C4FD  D0 02             bne     .palwcre030
  160  02:C4FF  A9 F0             lda     #$F0
  161  02:C501            .palwcre030
  162                             ; 白以上なら白にする
  163  02:C501  18                clc
  164  02:C502  6D 08 03          adc     PALFADE_VAL
  165  02:C505  C9 40             cmp     #$40
  166  02:C507  90 02             bcc     .palwcre040
  167  02:C509  A9 30             lda     #$30
  168  02:C50B            .palwcre040
  169  02:C50B  8D 07 20          sta  $2007
  170  02:C50E  E8                inx
  171  02:C50F  8A                txa
  172  02:C510  29 03             and  #$03
  173  02:C512  D0 E4             bne  .loop
  174  02:C514  60                rts
  175                     
  176                     ;--------------------
  177                     ; 黒フェードサブ
  178                     ;--------------------
  179  02:C515            sub_palbcre
  180  02:C515  D0 19             bne  sub_paldirect
  181                     
  182  02:C517            .loop
  183  02:C517  BD 30 03      lda  PAL_WRK,X
  184  02:C51A  C9 0F             cmp  #$0F               ; $0Fは特殊扱いで何もしない
  185  02:C51C  F0 08             beq  .palbcre040
  186  02:C51E            .palbcre030
  187                             ; 黒以下なら黒にする
  188  02:C51E  18                clc
  189  02:C51F  6D 08 03          adc  PALFADE_VAL
  190  02:C522  10 02             bpl  .palbcre040
  191  02:C524  A9 0F             lda  #$0F
  192  02:C526            .palbcre040
  193  02:C526  8D 07 20          sta  $2007
  194  02:C529  E8                inx
  195  02:C52A  8A                txa
  196  02:C52B  29 03             and  #$03
  197  02:C52D  D0 E8             bne  .loop
  198  02:C52F  60                rts
  199                     
  200                     ;--------------------
  201                     ; ダイレクト転送
  202                     ;--------------------
  203  02:C530            sub_paldirect
  204  02:C530            .loop
  205  02:C530  BD 30 03          lda     PAL_WRK,x
  206  02:C533  8D 07 20          sta  $2007
  207  02:C536  E8                inx
  208  02:C537  8A                txa
  209  02:C538  29 03             and  #$03
  210  02:C53A  D0 F4             bne  .loop
  211  02:C53C  60                rts
  212                     
  213                     
#[1]   PG_main.asm
#[2]   SysSub.asm
   52                             .INCLUDE        "SysSub.asm"
    1                     ;===================================================================
    2                     ;
    3                     ;                       固定バンクに置く汎用ルーチン
    4                     ;
    5                     ;===================================================================
    6                     ;--------------------------------
    7                     ; STG_COD セット  A reg -> STG_COD
    8                     ;--------------------------------
    9  02:C53D            SET_STG_COD:
   10                     ;       pha
   11                     ;       JSR     STOP_BGM
   12                     ;       pla
   13  02:C53D            SET_STG_COD2:
   14  02:C53D  85 B8             STA     <STG_COD
   15                     
   16                     ;       JSR     STOP_SE
   17                     
   18  02:C53F  78                sei
   19  02:C540  E6 B3             inc     <NMI_FLG        ;ハング防止
   20                     
   21  02:C542  A9 00             LDA     #0
   22  02:C544  85 8F             sta <HIRQ_ENA
   23                     
   24  02:C546  85 BF             sta <NMI_CALL_ADR+1
   25  02:C548  85 BD             sta <NMI_CALL_BNK
   26  02:C54A  85 B9             STA     <STG_COD_SUB
   27  02:C54C  85 85             STA     <KEY_NEW
   28  02:C54E  85 83             STA     <KEY_TRG
   29  02:C550  C6 B3             dec     <NMI_FLG
   30                     
   31                             DISP_OFF                ; 画面off
       02:C552  20 0D C7          jsr  _disp_off_sub
   32                     
   33  02:C555  60                RTS
   34                     
   35                     
   36                     
   37                     ;******* GM_WAIT **********************
   38  02:C556            ST_GM_WKEY:
   39                             CHK_BIT <KEY_TRG, #KEY_ABRS
       02:C556  A5 83             LDA     <KEY_TRG
       02:C558  29 F0             AND     #KEY_ABRS
   40  02:C55A  D0 04             BNE     st_gm_w01
   41                     
   42  02:C55C            ST_GM_WAIT:
   43  02:C55C  C6 72             DEC     <GM_WAIT
   44  02:C55E  D0 02             BNE     st_gm_w00
   45                     
   46  02:C560            st_gm_w01:
   47  02:C560  E6 B9             INC     <STG_COD_SUB
   48  02:C562            st_gm_w00:
   49  02:C562  60                RTS
   50                     
   51  02:C563            ST_GM_WAIT2:
   52  02:C563  20 71 C5          jsr  SLOW_DEC_GM_WAIT
   53  02:C566  F0 F8             beq  st_gm_w01
   54  02:C568  60                RTS
   55                     
   56                     
   57                     ;******* フェード終了待ち **********************
   58  02:C569            ST_FADE_WAIT:
   59  02:C569  AD 06 03          lda PALFADE_TIME
   60  02:C56C  D0 F4             bne     st_gm_w00
   61  02:C56E  E6 B9             inc     <STG_COD_SUB
   62  02:C570  60                rts
   63                     
   64                     ;-------------------------------------
   65                     ; 8フレーム毎にカウントダウンする GM_WAIT
   66                     ; カウントがゼロならゼロフラグセット
   67                     ;-------------------------------------
   68  02:C571            SLOW_DEC_GM_WAIT:
   69  02:C571  A5 B5             LDA     <SYS_TIMER
   70  02:C573  29 07             AND     #$07
   71  02:C575  D0 02             BNE     .endstg52
   72  02:C577  C6 72             DEC     <GM_WAIT
   73  02:C579            .endstg52:
   74  02:C579  60                RTS
   75                     
   76                     
   77                     ;=======================
   78                     ; [SCR_ADR] から１バイト A reg に入れてアドレスをインクリメント
   79                     ;  IN: SRC_ADR 転送元アドレス 16bit
   80                     ;  OUT: A reg  取得したデータ
   81                     ;=======================
   82  02:C57A            getSCR_ADR_DATA:
   83  02:C57A  84 0C             sty  <TMP_SYS
   84  02:C57C  A0 00             ldy  #0
   85  02:C57E  B1 08             lda  [SRC_ADR],Y
   86  02:C580  08                php
   87  02:C581  A4 0C             ldy  <TMP_SYS
   88                             incw <SRC_ADR
       02:C583  E6 08             inc     <SRC_ADR
       02:C585  D0 02             bne     .iend00049
                          
       02:C587  E6 09             inc     <SRC_ADR + 1
       02:C589            .iend00049:
                          
   89  02:C589  28                plp
   90  02:C58A  60                rts
   91                     
   92  02:C58B            incSCR_ADR:
   93                             incw <SRC_ADR
       02:C58B  E6 08             inc     <SRC_ADR
       02:C58D  D0 02             bne     .iend00050
                          
       02:C58F  E6 09             inc     <SRC_ADR + 1
       02:C591            .iend00050:
                          
   94  02:C591  60                rts
   95                     
   96  02:C592            decSCR_ADR:
   97                             decw <SRC_ADR
       02:C592  A5 08             lda     <SRC_ADR
       02:C594  D0 02             bne     .dend00051
                          
       02:C596  C6 09             dec     <SRC_ADR + 1
       02:C598            .dend00051:
       02:C598  C6 08             dec     <SRC_ADR
                          
   98  02:C59A  60                rts
   99                     
  100                     
  101                     ;----------------------
  102                     ;  SRC_ADRに加算
  103                     ;  Areg = LOW
  104                     ;  Xreg = High
  105                     ;----------------------
  106  02:C59B            addSCR_ADR:
  107  02:C59B  18                clc
  108  02:C59C  65 08             adc  <SRC_ADR+0
  109  02:C59E  85 08             sta  <SRC_ADR+0
  110  02:C5A0  8A                txa
  111  02:C5A1  65 09             adc  <SRC_ADR+1
  112  02:C5A3  85 09             sta  <SRC_ADR+1
  113  02:C5A5  60                rts
  114                     
  115                     
  116                     ;=======================
  117                     ; Areg を [DST_ADR] にセットしてアドレスをインクリメント
  118                     ;  IN: DST_ADR 転送元アドレス 16bit
  119                     ;  破壊 Y
  120                     ;=======================
  121  02:C5A6            setDST_ADR_DATA:
  122  02:C5A6  A0 00             ldy   #0
  123  02:C5A8  91 0A             sta   [DST_ADR],Y
  124  02:C5AA            incDST_ADR:
  125  02:C5AA  E6 0A             inc  <DST_ADR
  126  02:C5AC  D0 02             bne  .end
  127  02:C5AE  E6 0B             inc  <DST_ADR+1
  128  02:C5B0            .end    
  129  02:C5B0  60                rts
  130                     
  131                     
  132                     
  133                     
  134                     ;=======================
  135                     ; キャリーフラグ反転
  136                     ;=======================
  137  02:C5B1            revCFlag:
  138  02:C5B1  90 02             bcc  .set
  139  02:C5B3  18                clc
  140  02:C5B4  60                rts
  141  02:C5B5            .set
  142  02:C5B5  38                sec
  143  02:C5B6  60                rts
  144                     
  145                     
  146                     
  147  02:C5B7            SYS_CLEAR_SP:
  148  02:C5B7            SPT_CLR_RTN:
  149  02:C5B7  A0 00             ldy  #0
  150                     ;-----------------------------------
  151                     ; 余ったスプライトをクリアーする
  152                     ; y reg = スプライトの開始位置
  153                     ;-----------------------------------
  154  02:C5B9            clearObj:
  155                     ;       cpy #0
  156                     ;       beq .end
  157  02:C5B9  A9 F0             lda #SP_CLR_Y
  158  02:C5BB            .spclr_loop
  159  02:C5BB  99 00 02          sta $200,y
  160  02:C5BE  C8                iny
  161  02:C5BF  C8                iny
  162  02:C5C0  C8                iny
  163  02:C5C1  C8                iny
  164  02:C5C2  D0 F7             bne .spclr_loop
  165  02:C5C4            .end
  166  02:C5C4  60                rts
  167                     
  168                     
  169                     
  170                     ;=======================
  171                     ; 文字列描画
  172                     ;   SET_VRAM で転送先VRAMアドレスを指定
  173                     ;   DRAW_STRING で文字列の格納アドレスを指定
  174                     ;=======================
  175  02:C5C5            DRAW_STRING_SUB:
  176  02:C5C5  85 09             sta  <SRC_ADR+1
  177  02:C5C7            DRAW_STRING_SUB2:
  178  02:C5C7  A0 00             ldy  #0
  179  02:C5C9            .drst00:
  180  02:C5C9  B1 08             lda  [SRC_ADR],Y
  181  02:C5CB  F0 0C             beq  .drst01
  182  02:C5CD  C9 20             cmp  #' '
  183  02:C5CF  D0 02             bne  .set
  184  02:C5D1  A9 00             lda  #0
  185  02:C5D3            .set
  186  02:C5D3  8D 07 20          sta  $2007
  187  02:C5D6  C8                iny
  188  02:C5D7  D0 F0             bne  .drst00
  189  02:C5D9            .drst01:
  190  02:C5D9  60                rts
  191                     
  192                     
  193                     ;=======================
  194                     ; 文字列クリアー
  195                     ;   SET_VRAM で転送先VRAMアドレスを指定
  196                     ;   DRAW_STRING で文字列の格納アドレスを指定
  197                     ;=======================
  198  02:C5DA            CLR_STRING_SUB:
  199  02:C5DA  85 09             sta  <SRC_ADR+1
  200  02:C5DC  A0 00             LDY  #0
  201  02:C5DE            .crst00:
  202  02:C5DE  B1 08             LDA  [SRC_ADR],Y
  203  02:C5E0  F0 08             BEQ  .crst01
  204  02:C5E2  A9 00             LDA  #0
  205  02:C5E4  8D 07 20          STA  $2007
  206  02:C5E7  C8                INY
  207  02:C5E8  D0 F4             BNE  .crst00
  208  02:C5EA            .crst01:
  209  02:C5EA  60                RTS
  210                     
  211                     
  212                     ;=======================
  213                     ; 16進数　数字描画
  214                     ;   SET_VRAM で転送先VRAMアドレスを指定
  215                     ;   A reg 描画する数値
  216                     ;=======================
  217  02:C5EB            DRAW_HEX_BYTE:
  218  02:C5EB  A8                TAY
  219  02:C5EC  4A                LSR A
  220  02:C5ED  4A                LSR A
  221  02:C5EE  4A                LSR A
  222  02:C5EF  4A                LSR A
  223  02:C5F0  20 F4 C5          JSR     DRAW_HEX_BYTE2
  224  02:C5F3  98                TYA
  225  02:C5F4            DRAW_HEX_BYTE2:
  226  02:C5F4  20 FB C5          jsr  convHEX2
  227  02:C5F7  8D 07 20          sta  $2007
  228  02:C5FA  60                rts
  229                     
  230  02:C5FB            convHEX2:
  231  02:C5FB  29 0F             and  #$0f
  232  02:C5FD  C9 0A             cmp  #10
  233  02:C5FF  B0 05             bcs  .drhx00
  234  02:C601  18                clc
  235  02:C602  69 30             adc  #'0'
  236  02:C604  D0 03             bne  .drhx01
  237  02:C606            .drhx00:
  238  02:C606  18                clc
  239  02:C607  69 37             adc #'A' -10
  240  02:C609            .drhx01:
  241  02:C609  60                rts
  242                     
  243                     
  244                     
  245                     ;=======================
  246                     ; 16進数　数字描画
  247                     ;   SET_VRAM で転送先VRAMアドレスを指定
  248                     ;   A reg 描画する数値
  249                     ;=======================
  250  02:C60A            DRAW_HEX_BYTE_GM:
  251  02:C60A  A8                TAY
  252  02:C60B  4A                LSR A
  253  02:C60C  4A                LSR A
  254  02:C60D  4A                LSR A
  255  02:C60E  4A                LSR A
  256  02:C60F  20 13 C6          JSR     DRAW_HEX_BYTE2_GM
  257  02:C612  98                TYA
  258  02:C613            DRAW_HEX_BYTE2_GM:
  259  02:C613  29 0F             AND #$0f
  260  02:C615  18                clc
  261  02:C616  69 01             ADC #1
  262  02:C618            .drhx01_GM:
  263  02:C618  8D 07 20      STA  $2007
  264  02:C61B  60            RTS
  265                     
  266                     ;=======================
  267                     ; 2進化10進 8ビット加算
  268                     ;   A reg 加算する値（BCD値）
  269                     ;   X reg $3xx のワークの下位アドレス8bit
  270                     ;=======================
  271                     
  272  02:C61C            BCD_ADD:
  273                             ; 加算する値を上下4ビットずつに分離
  274  02:C61C  A8                TAY
  275  02:C61D  29 0F             AND  #$0F
  276  02:C61F  85 10             STA  <TMP_SV0
  277  02:C621  98                TYA
  278  02:C622  29 F0             AND  #$F0
  279  02:C624  4A                LSR  A
  280  02:C625  4A                LSR  A
  281  02:C626  4A                LSR  A
  282  02:C627  4A                LSR  A
  283  02:C628  85 11             STA  <TMP_SV1
  284                             
  285  02:C62A  BD 00 03          LDA  $300,X
  286  02:C62D  A8                TAY
  287  02:C62E  29 0F             AND  #$0F
  288  02:C630  85 12             STA  <TMP_SV2
  289  02:C632  98                TYA
  290  02:C633  29 F0             AND  #$F0
  291  02:C635  4A                LSR  A
  292  02:C636  4A                LSR  A
  293  02:C637  4A                LSR  A
  294  02:C638  4A                LSR  A
  295  02:C639  85 13             STA  <TMP_SV3
  296                     
  297                             ; 下位4ビットを加算
  298  02:C63B  A5 10             LDA  <TMP_SV0
  299  02:C63D  18                CLC
  300  02:C63E  65 12             ADC  <TMP_SV2
  301  02:C640  C9 0A             CMP  #10
  302  02:C642  90 04             BCC  BCD_00
  303  02:C644  E9 0A             SBC  #10
  304  02:C646  E6 11             INC  <TMP_SV1
  305  02:C648            BCD_00:
  306  02:C648  85 12             STA  <TMP_SV2
  307                     
  308                             ; 上位4ビットを加算
  309  02:C64A  A5 11             LDA  <TMP_SV1
  310  02:C64C  18                CLC
  311  02:C64D  65 13             ADC  <TMP_SV3
  312  02:C64F  C9 0A             CMP  #10
  313  02:C651  90 0B             BCC  BCD_01
  314  02:C653  E9 0A             SBC  #10
  315  02:C655  20 5E C6          JSR  BCD_01
  316  02:C658  E8                INX
  317  02:C659  A9 01             LDA  #1
  318  02:C65B  4C 1C C6          JMP  BCD_ADD
  319                     
  320  02:C65E            BCD_01:
  321  02:C65E  0A                ASL  A
  322  02:C65F  0A                ASL  A
  323  02:C660  0A                ASL  A
  324  02:C661  0A                ASL  A
  325  02:C662  05 12             ORA  <TMP_SV2
  326  02:C664  9D 00 03          STA  $300,X
  327  02:C667  60                RTS
  328                     
  329                     
  330                     ;=======================
  331                     ; 2進化10進 インクリメント
  332                     ;   X reg $3xx のワークの下位アドレス8bit
  333                     ;=======================
  334  02:C668            BCD_INC:
  335  02:C668  BD 00 03          LDA  $300,X
  336  02:C66B  29 0F             AND  #$0F
  337  02:C66D  C9 09             CMP  #9
  338  02:C66F  F0 04             BEQ  .BCD_I00
  339  02:C671  FE 00 03          INC  $300,X
  340  02:C674  60                RTS
  341  02:C675            .BCD_I00:
  342  02:C675  BD 00 03          LDA  $300,X
  343  02:C678  29 F0             AND  #$F0
  344  02:C67A  C9 90             CMP  #$90
  345  02:C67C  F0 07             BEQ  .BCD_I01
  346  02:C67E  18                CLC
  347  02:C67F  69 10             ADC  #$10
  348  02:C681  9D 00 03          STA  $300,X
  349  02:C684  60                RTS
  350  02:C685            .BCD_I01:
  351  02:C685  A9 00             LDA  #$0
  352  02:C687  9D 00 03          STA  $300,X
  353  02:C68A  E8                INX
  354  02:C68B  4C 68 C6          JMP  BCD_INC
  355                     
  356                     
  357                     ;=======================
  358                     ; 2進化10進 デクリメント
  359                     ;   X reg $3xx のワークの下位アドレス8bit
  360                     ;=======================
  361  02:C68E            BCD_DEC:
  362  02:C68E  BD 00 03          LDA  $300,X
  363  02:C691  29 0F             AND  #$0F
  364  02:C693  F0 04             BEQ  .BCD_D00
  365  02:C695  DE 00 03          DEC  $300,X
  366  02:C698  60                RTS
  367  02:C699            .BCD_D00:
  368  02:C699  BD 00 03          LDA  $300,X
  369  02:C69C  29 F0             AND  #$F0
  370  02:C69E  F0 0A             BEQ  .BCD_D01
  371  02:C6A0  38                SEC
  372  02:C6A1  E9 10             SBC  #$10
  373  02:C6A3  18                CLC
  374  02:C6A4  69 09             ADC  #$09
  375  02:C6A6  9D 00 03          STA  $300,X
  376  02:C6A9  60                RTS
  377  02:C6AA            .BCD_D01:
  378  02:C6AA  A9 99             LDA  #$99
  379  02:C6AC  9D 00 03          STA  $300,X
  380  02:C6AF  E8                INX
  381  02:C6B0  4C 8E C6          JMP  BCD_DEC
  382                     
  383                     
  384                     ;---------------------------------------------
  385                     ; Areg の値をBCDに変換:99以上の値は99になる
  386                     ;---------------------------------------------
  387  02:C6B3            convBCD:
  388  02:C6B3  C9 63             cmp  #99
  389  02:C6B5  90 03             bcc  .no_over
  390  02:C6B7  A9 99             lda  #$99
  391  02:C6B9  60                rts
  392                     
  393  02:C6BA            .no_over
  394  02:C6BA  A2 00             ldx  #0
  395  02:C6BC            .loop
  396  02:C6BC  C9 0A             cmp  #10
  397  02:C6BE  90 05             bcc  .end
  398  02:C6C0  E9 0A             sbc  #10
  399  02:C6C2  E8                inx
  400  02:C6C3  D0 F7             bne  .loop
  401  02:C6C5            .end
  402  02:C6C5  85 0C             sta  <TMP_SYS
  403  02:C6C7  8A                txa
  404  02:C6C8  0A                asl  a
  405  02:C6C9  0A                asl  a
  406  02:C6CA  0A                asl  a
  407  02:C6CB  0A                asl  a
  408  02:C6CC  05 0C             ora  <TMP_SYS
  409  02:C6CE  60                rts
  410                     
  411                     
  412                     ;=======================
  413                     ; VRAM CLEAR
  414                     ;=======================
  415  02:C6CF            SYS_CLEAR_BG:
  416                             SET_VRAM_ADD2 #$2000
       02:C6CF  A9 20             lda #HIGH (#$2000)
       02:C6D1  8D 06 20      sta $2006
       02:C6D4  A9 00             lda #LOW  (#$2000)
       02:C6D6  8D 06 20          sta $2006
  417  02:C6D9            SYS_CLEAR_BG2:
  418  02:C6D9  A9 00             lda     #$00
  419  02:C6DB  A0 00             ldy     #0
  420  02:C6DD  20 E6 C6          jsr SYS_VRAM_WLP
  421  02:C6E0  20 E6 C6          jsr SYS_VRAM_WLP
  422  02:C6E3  20 E6 C6          jsr SYS_VRAM_WLP
  423                     
  424  02:C6E6            SYS_VRAM_WLP:
  425  02:C6E6  8D 07 20          sta  $2007
  426  02:C6E9  88                dey
  427  02:C6EA  D0 FA             bne  SYS_VRAM_WLP
  428  02:C6EC  60                rts
  429                     
  430                     
  431                     
  432                     ;------------------------------------------------------------------------------
  433                     ;                               表示on
  434                     ;------------------------------------------------------------------------------
  435  02:C6ED            _disp_on_sub:
  436  02:C6ED  A9 00             lda     #0
  437  02:C6EF  85 B3             sta     <NMI_FLG        ; 割り込み許可
  438                     
  439  02:C6F1  20 0B C1          JSR     WAIT_VSYNC      ; IRQを働かせるため、次フレームになるまで待つ。
  440                     
  441  02:C6F4  A9 1E             lda  #FLG_PPU2001
  442  02:C6F6  85 B1             sta  <FLG_2001  ; 画面ON
  443  02:C6F8  A9 01             lda  #1
  444  02:C6FA  85 8F             sta  <HIRQ_ENA
  445  02:C6FC  60                rts
  446                     
  447  02:C6FD            _disp_on_sub2:
  448                     
  449  02:C6FD  A9 00             lda     #0
  450  02:C6FF  85 B3             sta     <NMI_FLG        ; 割り込み許可
  451                     
  452  02:C701  20 0B C1          JSR     WAIT_VSYNC      ; IRQを働かせるため、次フレームになるまで待つ。
  453                     
  454  02:C704  A9 0E             lda  #%000_01_11_0
  455  02:C706  85 B1             sta  <FLG_2001  ; 画面ON
  456  02:C708  A9 01             lda  #1
  457  02:C70A  85 8F             sta  <HIRQ_ENA
  458  02:C70C  60                rts
  459                     
  460                     
  461                     ;------------------------------------------------------------------------------
  462                     ;                               表示off
  463                     ;------------------------------------------------------------------------------
  464  02:C70D            _disp_off_sub:
  465  02:C70D  A9 00             LDA     #0
  466  02:C70F  85 B1             STA     <FLG_2001       ; 画面OFF
  467  02:C711  85 8F             STA     <HIRQ_ENA
  468  02:C713  20 0B C1          JSR     WAIT_VSYNC      ; 画面offになるのは次のフレームからなので、待つ。
  469                     
  470  02:C716  A9 01             lda     #1
  471  02:C718  85 B3             sta     <NMI_FLG        ; 割り込み禁止
  472  02:C71A  60                rts
  473                     
#[1]   PG_main.asm
   53                     
   54  02:C71B            PLY_MAIN_S:
   55  02:C71B            PLY_MAIN:
   56  02:C71B  E6 B7             inc  <FLM_TIMER
   57                     
   58  02:C71D  A5 B8             lda  <STG_COD   ;
   59                             TBL_JUMP
       02:C71F  0A                ASL     A
       02:C720  86 0C             stx  <TMP_SYS
       02:C722  AA                TAX
       02:C723  BD 2F C7          LDA     .tbl00053+1,X
       02:C726  48                PHA
       02:C727  BD 2E C7          LDA     .tbl00053+0,X
       02:C72A  A6 0C             ldx  <TMP_SYS
       02:C72C  48                PHA
       02:C72D  60                RTS
       02:C72E            .tbl00053:
   60                             JPTBL   JMP_NEXT_STG    ; 0
       02:C72E  3B C7             DW      JMP_NEXT_STG -1
   61                             JPTBL   JMP_NEXT_STG    ; 1
       02:C730  3B C7             DW      JMP_NEXT_STG -1
   62                             JPTBL   APL_GAME                ; 2
       02:C732  1F C0             DW      APL_GAME -1
   63                             JPTBL   JMP_RTS                 ; 4
       02:C734  3D C7             DW      JMP_RTS -1
   64                             JPTBL   JMP_RTS                 ; 5
       02:C736  3D C7             DW      JMP_RTS -1
   65                             JPTBL   JMP_RTS                 ; 6
       02:C738  3D C7             DW      JMP_RTS -1
   66                             JPTBL   JMP_RTS                 ; 7
       02:C73A  3D C7             DW      JMP_RTS -1
   67                     
   68                     
   69  02:C73C            JMP_NEXT_STG:
   70  02:C73C  E6 B8             INC     <STG_COD
   71  02:C73E            JMP_RTS:
   72  02:C73E  60                RTS
   73                     
   74                     
   75           0003              .BANK           3
   76           E000             ORG     $E000
   77                     
   78                     
#[2]   SysArduino.asm
   79                             .INCLUDE        "SysArduino.asm"
    1                     ;----------------------------------------------------------------------
    2                     ;                        Arduino通信システム
    3                     ;
    4                     ;----------------------------------------------------------------------
    5                     
    6                     ; ESP32 バースト転送用ワーク
    7                     
    8           0010      BURST_PCNT         EQU TMP_SV0          ; 圧縮カウント
    9           0011      BURST_DCNT         EQU TMP_SV1          ; データカウント
   10           0012      BURST_DATA         EQU TMP_SV2          ; 最終読み出しデータ
   11           0013      BURST_IDX          EQU TMP_SV3          ; データインデックス
   12           0014      BURST_FLIP         EQU TMP_SV4          ; 同期制御
   13           0015      BURST_TMOUT        EQU TMP_SV5          ; タイムアウト判定用
   14           000E      BURST_COUNT        EQU TMP_COUNT        ; データサイズカウント用
   15                     
   16                     ;-------------------------------------------------------------
   17                     
   18           00F2      SYSCOM_INIT   = $F2             ; 初期化コマンド
   19           00F3      SYSCOM_ESPCOM = $F3             ; ESP32 システムコマンド
   20           00F4      SYSCOM_MP3_A  = $F4             ; MP3 制御コマンドA
   21           00F5      SYSCOM_MP3_B  = $F5             ; MP3 制御コマンドB
   22           00F6      SYSCOM_SAVE   = $F6             ; マイクロSDにバックアップ
   23           00F7      SYSCOM_WIFI   = $F7             ; WIFI通信制御
   24                     
   25           00FA      SYSCOM_RDATA  = $FA             ; データ読み出し
   26           00FB      SYSCOM_RBURST = $FB             ; データ読み出し(バースト転送モード)
   27                     
   28           0000      STAT_INIT  = $00                ;
   29           0040      STAT_WAIT  = $40                ; 初期状態
   30           0041      STAT_WAIT1 = $41                ; コマンド処理中
   31           0042      STAT_WAIT2 = $42                ; コマンド処理中 ダウンロード中など長時間かかるコマンド時 STAT_WAITとトルグ
   32                     
   33           0050      STAT_NOEXA  = $50               ; 拡張アダプター無し
   34                     
   35           0080      STAT_BOOT  = $80                ; 起動中
   36           0081      STAT_SEALED = $81               ; 封印中（封印解除コマンド以外は無視する）
   37           0082      STAT_OTASD = $82                ; SDカードからOTAアップデート
   38           0083      STAT_WIFI_CONNECT = $83 ; WIFI接続開始
   39           0084      STAT_WIFI_CON_OK = $84  ; WIFI接続開始成功
   40           0085      STAT_WIFI_CGI = $85             ; CGI実行
   41           0086      STAT_WIFI_CGI_OK = $86  ; CGI実行OK
   42           0087      STAT_UPDATE_CNT = $87   ; UPDATE継続中
   43           0088      STAT_UPDATE_OK  = $88   ; UPDATEダウンロード終了
   44           0089      STAT_UPDATE_END = $89   ; UPDATE終了
   45                     
   46           0090      STAT_WIFI_VS    = $90   ; 対戦マッチング中
   47           0091      STAT_WIFI_VS_OK = $91   ; 対戦マッチング成立
   48           0092      STAT_WIFI_VS_NG = $92   ; 対戦マッチング不成立
   49           0093      STAT_WIFI_WAIT  = $93   ; WIFIコマンド処理中
   50                     
   51                     ; エラーコード
   52           00C0      ERR_CODE_MIN = $C0
   53           00C1      ERR_SD_TALKING = $C1
   54           00C2      ERR_SD_ATTACH = $C2
   55           00C3      ERR_LOAD_INIFILE = $C3
   56           00C4      ERR_WIFI_CONNECT = $C4
   57           00C5      ERR_WIFI_CGI = $C5
   58                     
   59           00C6      ERR_WIFI_MATVS = $C6
   60           00C7      ERR_WIFI_DOWNLD = $C7
   61                     
   62                     ; WIFIコマンド
   63           0000      COM_WIFI_SCORE = $00            ; スコアアップロード
   64           00F0      COM_WIFI_MANAGER = $F0          ; WIFI設定マネージャー
   65           00F1      COM_WIFI_UPDATE  = $F1          ; WIFIアップデーター
   66           00F2      COM_WIFI_LSTSSID = $F2          ; WIFI SSID LIST取得
   67           00F3      COM_WIFI_TSTSSID = $F3          ; WIFI SSID LIST内番号を指定して接続テスト
   68           00F4      COM_WIFI_GETNAME = $F4          ; WIFI NICNEAME 取得
   69           00F5      COM_WIFI_SETNAME = $F5          ; WIFI NICNEAME 設定
   70                     
   71                     
   72           00FC      COM_WIFI_SYNC    = $FC          ; ゲームデータデータ同期
   73           00FD      COM_WIFI_MATCHING_VS = $FD      ; 対戦マッチング
   74           00FE      COM_WIFI_CONNECT = $FE          ; WIFI接続
   75           00FF      COM_WIFI_DISCONNECT = $FF       ; WIFI切断
   76                     
   77                     
   78                     ;----------------------------
   79                     ; セーブ・ロード暗号化キー
   80                     ;----------------------------
   81           003C      SVDT_KEY0       EQU $3C
   82           00A1      SVDT_KEY1       EQU $A1
   83           00BB      SVDT_KEY2       EQU $BB
   84           007F      SVDT_KEY3       EQU $7F
   85                     
   86                     
   87                     
   88                     
   89                     ;-------------------------------
   90                     ; WIFI設定マネージャー
   91                     ;-------------------------------
   92                     ;WIFI_MANAGER:
   93                     ;       lda  #COM_WIFI_MANAGER  ; WIFI設定マネージャー
   94                     ;       bne  WIFI_COMMAND_82
   95                     
   96                     
   97                     ;-------------------------------
   98                     ; WIFI SSID LIST取得
   99                     ;-------------------------------
  100  03:E000            WIFI_LSTSSID:
  101  03:E000  A9 F2             lda  #COM_WIFI_LSTSSID          ; WIFI SSID LIST取得
  102  03:E002  D0 06             bne  WIFI_COMMAND_82
  103                     
  104                     ;-------------------------------
  105                     ; WIFI接続
  106                     ;-------------------------------
  107  03:E004            WIFI_CONNECT:
  108  03:E004  A9 FE             lda  #COM_WIFI_CONNECT  ; WIFI接続
  109  03:E006  D0 02             bne  WIFI_COMMAND_82
  110                     
  111                     ;-------------------------------
  112                     ; WIFI切断
  113                     ;-------------------------------
  114  03:E008            WIFI_DISCONNECT:
  115  03:E008  A9 FF             lda  #COM_WIFI_DISCONNECT       ; WIFI切断
  116                     ;       bne  WIFI_COMMAND_82
  117                     
  118                     ;-------------------------------
  119                     ; WIFIコマンド共通処理
  120                     ;-------------------------------
  121  03:E00A            WIFI_COMMAND_82:
  122  03:E00A  48                pha
  123  03:E00B  A9 F7             lda  #SYSCOM_WIFI
  124  03:E00D  A0 82             ldy  #$82                       ; 送信開始
  125  03:E00F  20 0E E1          jsr  WB_Arduino_start
  126  03:E012  68                pla
  127  03:E013  20 14 E1          jsr  WB_Arduino_send
  128  03:E016  4C E9 E0          jmp  WB_Arduino_end
  129                     
  130                     
  131                     ;-------------------------------
  132                     ; スコアアップロード
  133                     ;-------------------------------
  134  03:E019            WIFI_SCORE:
  135  03:E019  A9 F7             lda  #SYSCOM_WIFI
  136  03:E01B  A0 85             ldy  #$85                       ; 送信開始
  137  03:E01D  20 0E E1          jsr  WB_Arduino_start
  138  03:E020  A9 00             lda  #COM_WIFI_SCORE    ; スコア
  139  03:E022  20 14 E1          jsr  WB_Arduino_send
  140  03:E025  AD 2E 03          lda  HISCORES+2
  141  03:E028  20 14 E1          jsr  WB_Arduino_send
  142  03:E02B  AD 2D 03          lda  HISCORES+1
  143  03:E02E  20 14 E1          jsr  WB_Arduino_send
  144  03:E031  AD 2C 03          lda  HISCORES+0
  145  03:E034  20 14 E1          jsr  WB_Arduino_send
  146  03:E037  4C E9 E0          jmp  WB_Arduino_end
  147                     
  148                     
  149                     ;-------------------------------
  150                     ; WRAMのバンク切り替え
  151                     ;  Areg = BANK値（0-3）
  152                     ;-------------------------------
  153  03:E03A            setWRAM_BANK:
  154  03:E03A  85 04             sta  <TMP_SVA
  155  03:E03C  20 4F E0          jsr  setESPCOM
  156  03:E03F  A0 C8             ldy  #200
  157  03:E041            .loop
  158  03:E041  88                dey
  159  03:E042  F0 09             beq  .timeout
  160  03:E044  20 20 E1          jsr  RSTAT_Arduino
  161  03:E047  C5 04             cmp  <TMP_SVA
  162  03:E049  D0 F6             bne  .loop
  163  03:E04B  18                clc
  164  03:E04C  60                rts
  165  03:E04D            .timeout
  166  03:E04D  38                sec
  167  03:E04E  60                rts
  168                     
  169                     
  170  03:E04F            setESPCOM:
  171  03:E04F  48                pha
  172  03:E050  A9 F3             lda  #SYSCOM_ESPCOM
  173  03:E052  A0 82             ldy  #$82                       ; 送信開始
  174  03:E054  20 0E E1          jsr  WB_Arduino_start
  175  03:E057  68                pla
  176  03:E058  20 14 E1          jsr  WB_Arduino_send
  177  03:E05B  4C E9 E0          jmp  WB_Arduino_end
  178                     
  179                     
  180                     
  181                     ;-------------------------------
  182                     ; MPプレーヤーボリューム設定
  183                     ;  Areg = VOL値（0-21） 
  184                     ;-------------------------------
  185  03:E05E            setVol_MP3:
  186  03:E05E  48                pha
  187  03:E05F  A9 F4             lda  #SYSCOM_MP3_A
  188  03:E061  A0 83             ldy  #$83                       ; 送信開始
  189  03:E063  20 0E E1          jsr  WB_Arduino_start
  190  03:E066  A9 FE             lda  #$FE                       ; ボリュームセット
  191  03:E068  20 14 E1          jsr  WB_Arduino_send
  192  03:E06B  68                pla
  193  03:E06C  20 14 E1          jsr  WB_Arduino_send
  194  03:E06F  4C E9 E0          jmp  WB_Arduino_end
  195                     
  196                     
  197                     ;-------------------------------
  198                     ; MPプレーヤー再生
  199                     ;  Areg = 再生MP3番号
  200                     ;  MP3_BANK = 再生バンク番号
  201                     ;-------------------------------
  202  03:E072            play_MP3:
  203  03:E072  48                pha
  204  03:E073  A2 F4             ldx  #SYSCOM_MP3_A
  205  03:E075  29 80             and  #$80
  206  03:E077  F0 02             beq  .noloop
  207  03:E079  A2 F5             ldx  #SYSCOM_MP3_B
  208  03:E07B            .noloop
  209  03:E07B  8A                txa
  210  03:E07C  A0 83             ldy  #$83                       ; 送信開始
  211  03:E07E  20 0E E1          jsr  WB_Arduino_start
  212  03:E081  AD 2A 03          lda  MP3_BANK
  213  03:E084  20 14 E1          jsr  WB_Arduino_send
  214  03:E087  68                pla
  215  03:E088  29 7F             and  #$7F
  216  03:E08A  20 14 E1          jsr  WB_Arduino_send
  217  03:E08D  4C E9 E0          jmp  WB_Arduino_end
  218                     
  219                     
  220  03:E090            stop_MP3:
  221  03:E090  A9 F4             lda  #SYSCOM_MP3_A
  222  03:E092  A0 82             ldy  #$82                       ; 送信開始
  223  03:E094  20 0E E1          jsr  WB_Arduino_start
  224  03:E097  A9 FF             lda  #$FF                       ; ストップコマンド
  225  03:E099  20 14 E1          jsr  WB_Arduino_send
  226  03:E09C  4C E9 E0          jmp  WB_Arduino_end
  227                     
  228                     
  229  03:E09F            save_SAVEDATA:
  230  03:E09F  A9 F6             lda  #SYSCOM_SAVE
  231  03:E0A1  A0 88             ldy  #$88                       ; 送信開始
  232  03:E0A3  20 0E E1          jsr  WB_Arduino_start
  233                     
  234  03:E0A6  A9 FC             lda  #$FC                       ; バックアップデータヘッダー
  235  03:E0A8  20 14 E1          jsr  WB_Arduino_send
  236                     
  237  03:E0AB  AD 29 03          lda  MP3_VOL            ; マスターボリューム
  238  03:E0AE  20 14 E1          jsr  WB_Arduino_send
  239                     
  240  03:E0B1  AD 2A 03          lda  MP3_BANK           ; BGMバンク
  241  03:E0B4  20 14 E1          jsr  WB_Arduino_send
  242                     
  243  03:E0B7  AD 2E 03          lda  HISCORES+2
  244  03:E0BA  4D 2D 03          eor  HISCORES+1
  245  03:E0BD  4D 2C 03          eor  HISCORES+0
  246  03:E0C0  85 04             sta  <TMP_SVA
  247                     
  248  03:E0C2  AD 2E 03          lda  HISCORES+2
  249  03:E0C5  49 3C             eor  #SVDT_KEY0
  250  03:E0C7  20 14 E1          jsr  WB_Arduino_send
  251                     
  252  03:E0CA  AD 2D 03          lda  HISCORES+1
  253  03:E0CD  49 A1             eor  #SVDT_KEY1
  254  03:E0CF  20 14 E1          jsr  WB_Arduino_send
  255                     
  256  03:E0D2  AD 2C 03          lda  HISCORES+0
  257  03:E0D5  49 BB             eor  #SVDT_KEY2
  258  03:E0D7  20 14 E1          jsr  WB_Arduino_send
  259                     
  260  03:E0DA  A5 04             lda  <TMP_SVA
  261  03:E0DC  49 7F             eor  #SVDT_KEY3
  262  03:E0DE  20 14 E1          jsr  WB_Arduino_send
  263                     
  264  03:E0E1  4C E9 E0          jmp  WB_Arduino_end
  265                     
  266                     
  267                     ;-------------------------------------
  268                     ;        arduino 1バイト書き込み ※改造するとタイミング取れなくなる
  269                     ;-------------------------------------
  270                     
  271  03:E0E4            WB_Arduino:
  272  03:E0E4  A0 81             ldy  #$81               ; 送信開始
  273  03:E0E6  20 0E E1          jsr  WB_Arduino_start
  274                     
  275  03:E0E9            WB_Arduino_end:
  276  03:E0E9  A2 00             ldx  #0
  277  03:E0EB  8E 00 50          stx      $5000
  278  03:E0EE  60                rts
  279                     
  280                     
  281                     
  282                     ;-------------------------------------
  283                     ;        arduino 送信ソフトウェイト（要調整）
  284                     ;-------------------------------------
  285  03:E0EF            WB_Arduino_wait:
  286  03:E0EF  A2 C8             ldx  #200
  287                     ;       ldx  #50
  288  03:E0F1            .wait2
  289  03:E0F1  CA                dex
  290  03:E0F2  D0 FD             bne .wait2
  291  03:E0F4  60                rts
  292                     
  293                     
  294                     ;-------------------------------------
  295                     ;       arduino 複数バイト書き込み
  296                     ;
  297                     ;       Areg = 送信コマンド
  298                     ;       Yreg = $80+コマンドバイト数
  299                     ;       SRC_ADR：送信コマンドアドレス
  300                     ;-------------------------------------
  301  03:E0F5            WB_ArduinoMB:
  302  03:E0F5  20 0E E1          jsr  WB_Arduino_start
  303  03:E0F8  98                tya
  304  03:E0F9  29 7F             and  #$7F
  305  03:E0FB  85 07             sta      <TMP_LOOP_CNT
  306  03:E0FD  A0 00             ldy  #0
  307  03:E0FF            .loop
  308  03:E0FF  C6 07             dec      <TMP_LOOP_CNT
  309  03:E101  F0 E6             beq  WB_Arduino_end
  310  03:E103  B1 08             lda  [SRC_ADR],y
  311  03:E105  C8                iny
  312  03:E106  20 14 E1          jsr  WB_Arduino_send
  313  03:E109  F0 F4             beq  .loop
  314                     
  315  03:E10B  4C E9 E0          jmp  WB_Arduino_end
  316                     
  317                     ;-------------------------------------
  318                     ;       arduino データ送信開始
  319                     ;
  320                     ;       Areg = 送信コマンド
  321                     ;       Yreg = $80+コマンドバイト数
  322                     ;-------------------------------------
  323  03:E10E            WB_Arduino_start:
  324  03:E10E  8C 00 50          sty      $5000
  325  03:E111  20 EF E0          jsr  WB_Arduino_wait
  326                     
  327  03:E114            WB_Arduino_send:
  328  03:E114  8D 00 50          sta      $5000
  329  03:E117  20 EF E0          jsr  WB_Arduino_wait
  330  03:E11A  AD 00 50          lda      $5000                  ; コマンド送信
  331  03:E11D  4C EF E0          jmp  WB_Arduino_wait
  332                     
  333                     ;-------------------------------------
  334                     ;       リードステータス
  335                     ;-------------------------------------
  336  03:E120            RSTAT_Arduino:
  337  03:E120  AD 00 50          lda  $5000
  338  03:E123  60                rts
  339                     
  340                     
  341                     ;-------------------------------------
  342                     ;       バーストモードバッファリード
  343                     ;
  344                     ;       SET_DATA_DST xxxxx      読み込みバッファアドレス
  345                     ;
  346                     ;-------------------------------------
  347                     
  348  03:E124            ReadBuf_Burst:
  349                             SET_DATA_DST HTTP_BUF
       03:E124  A9 00             lda     #LOW (HTTP_BUF)
       03:E126  85 0A             sta     <DST_ADR
       03:E128  A9 74             lda #HIGH (HTTP_BUF)
       03:E12A  85 0B         sta <DST_ADR +1
  350  03:E12C            ReadBuf_Burst2:
  351  03:E12C  20 71 E1          jsr  START_Burst
  352  03:E12F            .loop
  353  03:E12F  20 83 E1          jsr  RB_Burst
  354  03:E132  08                php
  355  03:E133  20 A6 C5          jsr  setDST_ADR_DATA
  356  03:E136  28                plp
  357  03:E137  90 F6             bcc  .loop                      ; 最終データまで読み出す
  358  03:E139  60                rts
  359                     
  360                     ;-------------------------------------
  361                     ;       バーストモードバッファリード：サイズヘッダ版
  362                     ;
  363                     ;       SET_DATA_DST xxxxx      読み込みバッファアドレス
  364                     ;
  365                     ;       ret  エラー時はキャリーフラグセット
  366                     ;-------------------------------------
  367                     
  368  03:E13A            ReadBuf_BurstSiz:
  369                             SET_DATA_DST HTTP_BUF
       03:E13A  A9 00             lda     #LOW (HTTP_BUF)
       03:E13C  85 0A             sta     <DST_ADR
       03:E13E  A9 74             lda #HIGH (HTTP_BUF)
       03:E140  85 0B         sta <DST_ADR +1
  370  03:E142            ReadBuf_BurstSiz2:
  371  03:E142  20 71 E1          jsr  START_Burst
  372                     
  373  03:E145  20 83 E1          jsr  RB_Burst
  374  03:E148  B0 26             bcs  .error_end
  375  03:E14A  85 0F             sta  <BURST_COUNT+1
  376  03:E14C  20 83 E1          jsr  RB_Burst
  377  03:E14F  B0 1F             bcs  .error_end
  378  03:E151  85 0E             sta  <BURST_COUNT+0
  379                     
  380  03:E153            .loop
  381  03:E153  A5 0E             lda  <BURST_COUNT+0
  382  03:E155  05 0F             ora  <BURST_COUNT+1
  383  03:E157  F0 12             beq  .end
  384                             decw  <BURST_COUNT
       03:E159  A5 0E             lda     <BURST_COUNT
       03:E15B  D0 02             bne     .dend00063
                          
       03:E15D  C6 0F             dec     <BURST_COUNT + 1
       03:E15F            .dend00063:
       03:E15F  C6 0E             dec     <BURST_COUNT
                          
  385  03:E161  20 83 E1          jsr  RB_Burst
  386  03:E164  08                php
  387  03:E165  20 A6 C5          jsr  setDST_ADR_DATA
  388  03:E168  28                plp
  389  03:E169  90 E8             bcc  .loop
  390  03:E16B            .end
  391  03:E16B  A9 00             lda  #0
  392  03:E16D  20 A6 C5          jsr  setDST_ADR_DATA    ;データ終端として0を出力
  393  03:E170            .error_end
  394  03:E170  60                rts
  395                     
  396                     
  397                     ;-------------------------------------
  398                     ;       バーストモードリード
  399                     ;-------------------------------------
  400  03:E171            START_Burst:
  401  03:E171  A9 FB             lda  #SYSCOM_RBURST
  402  03:E173  20 E4 E0          jsr  WB_Arduino         ; バースト転送モード開始
  403  03:E176  85 12             sta  <BURST_DATA        ; 開始時の$5000の読み出し結果を保存
  404  03:E178  A9 00             lda  #0
  405  03:E17A  85 10             sta  <BURST_PCNT
  406  03:E17C  85 11             sta  <BURST_DCNT
  407  03:E17E  85 13             sta  <BURST_IDX
  408  03:E180  85 14             sta  <BURST_FLIP
  409  03:E182  60                rts
  410                     
  411                     
  412  03:E183            RB_Burst:
  413  03:E183  A5 10             lda  <BURST_PCNT
  414  03:E185  D0 1B             bne  .burst_pdt
  415  03:E187  A5 11             lda  <BURST_DCNT
  416  03:E189  D0 21             bne  .burst_ddt
  417                     
  418                             ; コマンドバイト受信
  419  03:E18B  20 AE E1          jsr  .waitChgR5000
  420  03:E18E  B0 18             bcs  .end
  421  03:E190  A8                tay
  422  03:E191  29 1F             and  #$1F
  423  03:E193  F0 13             beq  .end
  424  03:E195  AA                tax
  425  03:E196  98                tya
  426  03:E197  29 20             and  #$20
  427  03:E199  F0 0F             beq  .burst_dcom
  428                     
  429  03:E19B  86 10             stx  <BURST_PCNT
  430  03:E19D  20 AE E1          jsr  .waitChgR5000
  431  03:E1A0  B0 06             bcs  .end
  432                     
  433  03:E1A2            .burst_pdt
  434  03:E1A2  C6 10             dec  <BURST_PCNT
  435  03:E1A4  A5 12             lda  <BURST_DATA
  436  03:E1A6  18                clc
  437  03:E1A7  60                rts
  438                     
  439  03:E1A8            .end
  440  03:E1A8  38                sec
  441  03:E1A9  60                rts
  442                     
  443  03:E1AA            .burst_dcom
  444  03:E1AA  86 11             stx  <BURST_DCNT
  445  03:E1AC            .burst_ddt
  446  03:E1AC  C6 11             dec  <BURST_DCNT
  447                             
  448  03:E1AE            .waitChgR5000
  449  03:E1AE  A9 00             lda  #0
  450  03:E1B0  85 15             sta  <BURST_TMOUT
  451  03:E1B2            .waitChgR5000_loop
  452                     ;       ldy  #100
  453                     ;.wait_00
  454                     ;       dey
  455                     ;       bne  .wait_00
  456  03:E1B2  C6 15             dec  <BURST_TMOUT
  457  03:E1B4  F0 F2             beq  .end
  458  03:E1B6  AC 00 50          ldy  $5000
  459  03:E1B9  C4 12             cpy  <BURST_DATA
  460  03:E1BB  F0 F5             beq  .waitChgR5000_loop
  461  03:E1BD  84 12             sty  <BURST_DATA
  462                     
  463                             ; 受信出来たので同期信号応答
  464  03:E1BF  A5 14             lda  <BURST_FLIP
  465  03:E1C1  49 80             eor  #$80
  466  03:E1C3  85 14             sta  <BURST_FLIP
  467  03:E1C5  8D 00 50          sta  $5000
  468  03:E1C8  98                tya
  469  03:E1C9  18                clc
  470  03:E1CA  60                rts
  471                     
  472                     ;-------------------------------------
  473                     ;       拡張システム封印解除
  474                     ;-------------------------------------
  475  03:E1CB            EXS_GAMEID:
  476  03:E1CB  41 30 30          db "A000"
       03:E1CE  30        
  477                     
  478  03:E1CF            EXS_INIT:
  479  03:E1CF  20 20 E1          jsr  RSTAT_Arduino                      ; ダミーリード
  480                             SET_DATA_SRC EXS_GAMEID
       03:E1D2  A9 CB             lda     #LOW (EXS_GAMEID)
       03:E1D4  85 08             sta     <SRC_ADR
       03:E1D6  A9 E1             lda #HIGH (EXS_GAMEID)
       03:E1D8  85 09         sta <SRC_ADR+1
  481  03:E1DA  A0 85             ldy  #$85
  482  03:E1DC  A9 F2             lda  #SYSCOM_INIT
  483  03:E1DE  4C F5 E0          jmp  WB_ArduinoMB
  484                     
  485                     
  486                     
  487                     ;-------------------------------------
  488                     ;       拡張システムリセット
  489                     ;-------------------------------------
  490  03:E1E1            EXS_RESET:
  491  03:E1E1  20 20 E1          jsr  RSTAT_Arduino                      ; ダミーリード
  492                     
  493  03:E1E4  A9 F2             lda  #SYSCOM_INIT
  494  03:E1E6  A0 82             ldy  #$82               ; 送信開始
  495  03:E1E8  20 0E E1          jsr  WB_Arduino_start
  496                     
  497  03:E1EB  A9 00             lda  #0
  498  03:E1ED  20 14 E1          jsr  WB_Arduino_send
  499  03:E1F0  4C E9 E0          jmp  WB_Arduino_end
  500                     
#[1]   PG_main.asm
#[2]   SysPico.asm
   80                             .include        "SysPico.asm"
    1                     
    2                     ;***********************************************************************
    3                     ;       FC-PICO関連システム
    4                     ;***********************************************************************
    5                     
    6           00FC      PF_MAGIC_CODE = $FC             ; 受け取ったコマンドの可否チェックコード
    7                     ;----------------------------------------------
    8                     ;
    9                     ; PICOからファミコン　コマンド
   10                     ;
   11                     ;
   12                     ;----------------------------------------------
   13           0000      PF_COM_NONE = 0                 ; コマンドなし
   14           0001      PF_COM_DMOD = 1                 ; 表示OFFにしてデータ転送モードへ
   15           0002      PF_COM_FDIN = 2                 ; フェードイン
   16           0003      PF_COM_FDOT = 3                 ; フェードアウト
   17                     
   18           0080      PF_COM_SE   = $80               ; SEセット: $80 + SE_NO
   19           00A0      PF_COM_BGM  = $A0               ; BGMセット:$A0 + BGM_NO
   20           00C0      PF_COM_VRAM = $C0               ; VRAM 書き換え: $C0 +adrH,ardL,dt
   21                     
   22                     
   23                     
   24                     ;----------------------------------------------
   25                     ;
   26                     ; PICOからファミコンへデータセット
   27                     ;
   28                     ; 画面OFF限定で大量のデータをPICOからファミコンへデータを送るコマンド
   29                     ;
   30                     ;----------------------------------------------
   31           0080      PF_DAT_VRAM = $80               ; VRAM 書き換え:adrH,ardL,size,data....
   32                     ; --> size = 0 は256バイト 256バイト以上送りたい場合は分割して送る
   33           0081      PF_DAT_RAM  = $81               ; VRAM 書き換え:adrH,ardL,size,data....
   34                     
   35           0082      PF_DAT_STEP = $82               ; データモードを抜けてファミコンの指定ステップへ
   36                     
   37                     ;----------------------------------------------
   38                     ;
   39                     ; ファミコンからPICO　コマンド
   40                     ;
   41                     ;----------------------------------------------
   42           000F      FP_COM_ACK      = $0F           ; PICOからのコマンド正常終了応答
   43           001F      FP_COM_NAK      = $1F           ; PICOからのコマンド失敗終了応答
   44           002F      FP_COM_VER      = $2F           ; BIOS-ROMのバージョン取得：0x0FバイトのROMバージョン文字列
   45           003F      FP_COM_ROM      = $3F           ; BIOS-ROMのROMデータ要求コマンド： FP_COM_ROM,アドレスH : 0x100分のROMデータ読み出す
   46                     
   47           00BF      FP_COM_LOG      = $BF           ; ログ
   48           00CF      FP_COM_DRQ      = $CF           ; データリクエスト
   49           00DF      FP_COM_DLD      = $DF           ; データロード
   50           00EF      FP_COM_RST      = $EF           ; PICOリスタート
   51           00FF      FP_COM_INI      = $FF           ; PICO初期化
   52                     
   53                     
   54                     ;------------------------------------------
   55                     ;
   56                     ;               PICO コマンド処理
   57                     ;
   58                     ;------------------------------------------
   59  03:E1F3            jobPICO:
   60  03:E1F3  A2 02             ldx  #2
   61  03:E1F5            jobPICO_NEXT:
   62  03:E1F5  E0 10             cpx  #16
   63  03:E1F7  F0 26             beq  jobPICI_end
   64  03:E1F9  BD 20 00          lda  PICO_BUF0,x
   65  03:E1FC  30 17             bmi  .job00
   66                     
   67                             TBL_JUMP
       03:E1FE  0A                ASL     A
       03:E1FF  86 0C             stx  <TMP_SYS
       03:E201  AA                TAX
       03:E202  BD 0E E2          LDA     .tbl00065+1,X
       03:E205  48                PHA
       03:E206  BD 0D E2          LDA     .tbl00065+0,X
       03:E209  A6 0C             ldx  <TMP_SYS
       03:E20B  48                PHA
       03:E20C  60                RTS
       03:E20D            .tbl00065:
   68                             JPTBL   jobPICI_end             ; 0 コマンド終了
       03:E20D  1E E2             DW      jobPICI_end -1
   69                             JPTBL   xPF_COM_DMOD    ; 1 表示OFFにしてデータ転送モードへ
       03:E20F  57 E2             DW      xPF_COM_DMOD -1
   70                             JPTBL   xPF_COM_FDIN    ; 2 フェードイン
       03:E211  3B E2             DW      xPF_COM_FDIN -1
   71                             JPTBL   xPF_COM_FDOT    ; 3 フェードアウト
       03:E213  49 E2             DW      xPF_COM_FDOT -1
   72                     
   73  03:E215            .job00
   74  03:E215  C9 A0             cmp  #PF_COM_BGM
   75  03:E217  90 17             bcc  xPF_COM_SE
   76  03:E219  C9 C0             cmp  #PF_COM_VRAM
   77  03:E21B  90 07             bcc  xPF_COM_BGM
   78  03:E21D  B0 17             bcs  xPF_COM_VRAM
   79                     
   80  03:E21F            jobPICI_end:
   81  03:E21F  A9 00             lda  #0
   82  03:E221  85 22             sta  <PICO_BUF2
   83  03:E223  60                rts
   84                     
   85                     ;-------------------
   86                     ; サウンド関連
   87                     ;-------------------
   88  03:E224            xPF_COM_BGM:
   89  03:E224  29 1F             and  #$1F
   90  03:E226  D0 04             bne  .play
   91                     ;@      jsr  STOP_BGM
   92  03:E228  E8                inx
   93  03:E229  4C F5 E1          jmp  jobPICO_NEXT
   94  03:E22C            .play
   95                     ;@      jsr  PLAY_BGM
   96  03:E22C  E8                inx
   97  03:E22D  4C F5 E1          jmp  jobPICO_NEXT
   98                             
   99  03:E230            xPF_COM_SE:
  100  03:E230  29 1F             and  #$1F
  101                     ;@      jsr  PLAY_SE
  102  03:E232  E8                inx
  103  03:E233  4C F5 E1          jmp  jobPICO_NEXT
  104                     
  105                     
  106                     ;-------------------
  107                     ; VRAM書き換え
  108                     ;-------------------
  109  03:E236            xPF_COM_VRAM:
  110           0000       .if 0
  132                       .endif
  133  03:E236            .nopal
  134  03:E236  E8                inx
  135  03:E237  E8                inx
  136  03:E238  E8                inx
  137  03:E239  4C F5 E1          jmp  jobPICO_NEXT
  138                     
  139                     
  140                     ;-------------------
  141                     ; フェードイン 処理終了
  142                     ;-------------------
  143  03:E23C            xPF_COM_FDIN:
  144  03:E23C  8A                txa
  145  03:E23D  48                pha
  146  03:E23E  20 3F C4          jsr SET_FADE_IN_B
  147  03:E241  20 6C C4          jsr WAIT_FADE_END
  148  03:E244  68                pla
  149  03:E245  AA                tax
  150  03:E246  E8                inx
  151  03:E247  4C F5 E1          jmp  jobPICO_NEXT
  152                     
  153                     
  154                     ;-------------------
  155                     ; フェードアウト 処理終了
  156                     ;-------------------
  157  03:E24A            xPF_COM_FDOT:
  158  03:E24A  8A                txa
  159  03:E24B  48                pha
  160  03:E24C  20 47 C4          jsr SET_FADE_OUT_B
  161  03:E24F  20 6C C4          jsr WAIT_FADE_END
  162  03:E252  68                pla
  163  03:E253  AA                tax
  164  03:E254  E8                inx
  165  03:E255  4C F5 E1          jmp  jobPICO_NEXT
  166                     
  167                     ;-------------------
  168                     ; 表示OFFにしてデータ転送モードへ
  169                     ;-------------------
  170  03:E258            xPF_COM_DMOD:
  171                             DISP_OFF
       03:E258  20 0D C7          jsr  _disp_off_sub
  172  03:E25B  A9 00             lda  #0
  173  03:E25D  8D 00 20          sta      $2000
  174                     
  175  03:E260            xPF_COM_DMOD_loop:
  176                             SET_VRAM_ADD2   #$0800
       03:E260  A9 08             lda #HIGH (#$0800)
       03:E262  8D 06 20      sta $2006
       03:E265  A9 00             lda #LOW  (#$0800)
       03:E267  8D 06 20          sta $2006
  177  03:E26A  A9 CF             lda  #FP_COM_DRQ
  178  03:E26C  8D 07 20          sta  $2007
  179                     
  180  03:E26F  20 BC E3          jsr  PICO_COM_WAIT
  181                     
  182                             SET_VRAM_ADD2   #$0800
       03:E272  A9 08             lda #HIGH (#$0800)
       03:E274  8D 06 20      sta $2006
       03:E277  A9 00             lda #LOW  (#$0800)
       03:E279  8D 06 20          sta $2006
  183                     
  184                             ; PICOからデータ受診
  185  03:E27C  AD 07 20          lda  $2007      ;dummy read
  186                     
  187  03:E27F  AD 07 20          lda  $2007
  188  03:E282  85 20             sta  <PICO_BUF0         ; com
  189  03:E284  AD 07 20          lda  $2007
  190  03:E287  85 21             sta  <PICO_BUF1         ; magic no($FC)
  191  03:E289  AD 07 20          lda  $2007
  192  03:E28C  85 22             sta  <PICO_BUF2         ; adr L
  193  03:E28E  AD 07 20          lda  $2007
  194  03:E291  85 23             sta  <PICO_BUF3         ; adr H
  195  03:E293  AD 07 20          lda  $2007
  196  03:E296  85 24             sta  <PICO_BUF4         ; size L
  197  03:E298  AD 07 20          lda  $2007
  198  03:E29B  85 25             sta  <PICO_BUF5         ; size H
  199                     
  200                     ;       jsr setFP_COM_LOG
  201                     
  202                             ; コマンド有効性チェック
  203  03:E29D  A5 21             lda  <PICO_BUF1
  204  03:E29F  C9 FC             cmp  #PF_MAGIC_CODE
  205  03:E2A1  D0 29             bne  errPF_COM_DMOD_end
  206                     
  207                     
  208  03:E2A3  A9 00             lda  #0
  209  03:E2A5  85 21             sta  <PICO_BUF1
  210                     
  211  03:E2A7  A5 20             lda  <PICO_BUF0
  212  03:E2A9  C9 80             cmp  #PF_DAT_VRAM
  213  03:E2AB  F0 27             beq  xPF_DAT_VRAM
  214  03:E2AD  C9 81             cmp  #PF_DAT_RAM
  215  03:E2AF  F0 78             beq  xPF_DAT_RAM
  216  03:E2B1  C9 82             cmp  #PF_DAT_STEP
  217  03:E2B3  F0 0E             beq  xPF_DAT_STEP
  218                     
  219  03:E2B5            xPF_COM_DMOD_end:
  220                     ;       jsr PICO_COM_WAIT
  221                     ;       jsr setDebugLog
  222                     ;       jsr setFP_COM_LOG
  223  03:E2B5  A9 88             lda #FLG_PPU2000
  224  03:E2B7  8D 00 20          sta      $2000
  225                             DISP_ON
       03:E2BA  20 ED C6          jsr  _disp_on_sub
  226  03:E2BD  20 3F C4          jsr SET_FADE_IN_B
  227                     
  228  03:E2C0  4C 1F E2          jmp  jobPICI_end
  229                     
  230                     
  231  03:E2C3            xPF_DAT_STEP:
  232  03:E2C3  E6 B3             inc     <NMI_FLG        ;ハング防止
  233  03:E2C5  A5 22             lda  <PICO_BUF2
  234  03:E2C7  85 B8             sta  <STG_COD
  235                     
  236  03:E2C9  4C B5 E2          jmp  xPF_COM_DMOD_end
  237                     
  238                     
  239  03:E2CC            errPF_COM_DMOD_end:
  240  03:E2CC  A9 01             lda  #1
  241  03:E2CE  20 A0 E3          jsr  setErrorLog
  242  03:E2D1  4C B5 E2          jmp  xPF_COM_DMOD_end
  243                     
  244                     
  245                     
  246                     
  247                     
  248                     ;----------------------------------------------
  249                     ;
  250                     ; PICOからファミコンへデータセット
  251                     ;
  252                     ;----------------------------------------------
  253  03:E2D4            xPF_DAT_VRAM
  254  03:E2D4  20 44 E3          jsr  xPF_DAT_SUB
  255  03:E2D7  A5 23             lda  <PICO_BUF3         ; adr H
  256  03:E2D9  C9 23             cmp  #$23
  257  03:E2DB  D0 09             bne  .pfrloop
  258  03:E2DD  A5 22             lda  <PICO_BUF2         ; adr L
  259  03:E2DF  C9 C0             cmp  #$C0
  260  03:E2E1  D0 03             bne  .pfrloop
  261  03:E2E3  AD 07 20          lda  $2007                      ; アトリビュートだったら1バイト追加でダミー読み出し（原因がわからないが１バイトずれる）
  262                     
  263  03:E2E6            .pfrloop
  264  03:E2E6  AD 07 20          lda  $2007
  265  03:E2E9  99 00 04          sta  PICO_DATA_BUF,y
  266  03:E2EC  C8                iny
  267  03:E2ED  C4 20             cpy  <PICO_BUF0
  268  03:E2EF  D0 F5             bne  .pfrloop
  269                     
  270                             ; vram adr set
  271  03:E2F1  A5 23             lda  <PICO_BUF3         ; adr H
  272  03:E2F3  8D 06 20      sta  $2006
  273  03:E2F6  A5 22             lda  <PICO_BUF2         ; adr L
  274  03:E2F8  8D 06 20          sta  $2006
  275                     
  276  03:E2FB  A0 00             ldy  #0
  277  03:E2FD            .pfwloop
  278  03:E2FD  B9 00 04          lda  PICO_DATA_BUF,y
  279  03:E300  8D 07 20          sta  $2007
  280  03:E303  C8                iny
  281  03:E304  C4 20             cpy  <PICO_BUF0
  282  03:E306  D0 F5             bne  .pfwloop
  283                     
  284  03:E308  A5 25             lda  <PICO_BUF5         ; size H
  285  03:E30A  F0 07             beq  .end
  286  03:E30C  C6 25             dec  <PICO_BUF5         ; size H
  287  03:E30E  E6 21             inc  <PICO_BUF1         ; data no
  288  03:E310  4C D4 E2          jmp  xPF_DAT_VRAM
  289  03:E313            .end
  290                     
  291           0000       .if 0
  293                      .endif
  294  03:E313  A5 23             lda  <PICO_BUF3         ; adr H
  295  03:E315  C9 3F             cmp  #$3F
  296  03:E317  D0 0D             bne  .end2
  297                             ;---------------------------------
  298                             ; copy PICO_DATA_BUF -> PAL_WRK
  299                             ;---------------------------------
  300  03:E319  A0 00             ldy  #0
  301  03:E31B            .loop_pal
  302  03:E31B  B9 00 04          lda  PICO_DATA_BUF,y
  303  03:E31E  99 30 03          sta  PAL_WRK,y
  304  03:E321  C8                iny
  305  03:E322  C0 20             cpy  #$20
  306  03:E324  D0 F5             bne  .loop_pal
  307  03:E326            .end2
  308  03:E326  4C 60 E2          jmp  xPF_COM_DMOD_loop
  309                     
  310                     
  311  03:E329            xPF_DAT_RAM
  312  03:E329  20 44 E3          jsr  xPF_DAT_SUB
  313  03:E32C            .loop
  314  03:E32C  AD 07 20          lda  $2007
  315  03:E32F  91 22             sta  [PICO_BUF2],y
  316  03:E331  C8                iny
  317  03:E332  C4 20             cpy  <PICO_BUF0
  318  03:E334  D0 F6             bne  .loop
  319                     
  320  03:E336  A5 25             lda  <PICO_BUF5         ; size H
  321  03:E338  F0 07             beq  .end
  322  03:E33A  C6 25             dec  <PICO_BUF5         ; size H
  323  03:E33C  E6 21             inc  <PICO_BUF1         ; data no
  324  03:E33E  4C 29 E3          jmp  xPF_DAT_RAM
  325  03:E341            .end
  326  03:E341  4C 60 E2          jmp  xPF_COM_DMOD_loop
  327                     
  328                     
  329  03:E344            xPF_DAT_SUB
  330  03:E344  A4 24             ldy  <PICO_BUF4         ; size L
  331  03:E346  A5 25             lda  <PICO_BUF5         ; size H
  332  03:E348  F0 02             beq  .pf00
  333  03:E34A  A0 00             ldy  #0
  334  03:E34C            .pf00
  335  03:E34C  84 20             sty  <PICO_BUF0         ; read size
  336                     
  337                             SET_VRAM_ADD2   #$0800
       03:E34E  A9 08             lda #HIGH (#$0800)
       03:E350  8D 06 20      sta $2006
       03:E353  A9 00             lda #LOW  (#$0800)
       03:E355  8D 06 20          sta $2006
  338  03:E358  A9 DF             lda  #FP_COM_DLD
  339  03:E35A  8D 07 20          sta  $2007
  340  03:E35D  A5 21             lda  <PICO_BUF1         ; data no
  341  03:E35F  8D 07 20          sta  $2007
  342                     
  343  03:E362  20 BC E3          jsr  PICO_COM_WAIT
  344                     
  345                             ; PICOからデータ取得
  346                             SET_VRAM_ADD2   #$0800
       03:E365  A9 08             lda #HIGH (#$0800)
       03:E367  8D 06 20      sta $2006
       03:E36A  A9 00             lda #LOW  (#$0800)
       03:E36C  8D 06 20          sta $2006
  347  03:E36F  AD 07 20          lda  $2007      ; ダミーリード
  348  03:E372  A0 00             ldy  #0
  349  03:E374  60                rts
  350                     
  351  03:E375            setDebugLog:
  352           0001       .if 1
  353                             SET_VRAM_ADD2   #$0800
       03:E375  A9 08             lda #HIGH (#$0800)
       03:E377  8D 06 20      sta $2006
       03:E37A  A9 00             lda #LOW  (#$0800)
       03:E37C  8D 06 20          sta $2006
  354  03:E37F  A9 BF             lda  #FP_COM_LOG
  355  03:E381  8D 07 20          sta  $2007
  356  03:E384  AD 00 04          lda  PICO_DATA_BUF+0
  357  03:E387  8D 07 20          sta  $2007
  358  03:E38A  AD 01 04          lda  PICO_DATA_BUF+1
  359  03:E38D  8D 07 20          sta  $2007
  360  03:E390  AD 02 04          lda  PICO_DATA_BUF+2
  361  03:E393  8D 07 20          sta  $2007
  362  03:E396  AD 03 04          lda  PICO_DATA_BUF+3
  363  03:E399  8D 07 20          sta  $2007
  364  03:E39C  20 BC E3          jsr  PICO_COM_WAIT
  365                      .endif
  366  03:E39F  60                rts
  367                     
  368  03:E3A0            setErrorLog:
  369           0001       .if 1
  370  03:E3A0  48                pha
  371                             SET_VRAM_ADD2   #$0800
       03:E3A1  A9 08             lda #HIGH (#$0800)
       03:E3A3  8D 06 20      sta $2006
       03:E3A6  A9 00             lda #LOW  (#$0800)
       03:E3A8  8D 06 20          sta $2006
  372  03:E3AB  A9 BF             lda  #FP_COM_LOG
  373  03:E3AD  8D 07 20          sta  $2007
  374  03:E3B0  A9 EA             lda  #$EA
  375  03:E3B2  8D 07 20          sta  $2007
  376  03:E3B5  68                pla
  377  03:E3B6  8D 07 20          sta  $2007
  378  03:E3B9  4C BC E3          jmp  PICO_COM_WAIT
  379                      .endif
  380                     
  381  03:E3BC            PICO_COM_WAIT:
  382  03:E3BC  A2 00             ldx  #0
  383  03:E3BE            .wait
  384  03:E3BE  CA                dex
  385  03:E3BF  D0 FD             bne  .wait
  386  03:E3C1  60                rts
  387                     
  388  03:E3C2            setFP_COM_LOG:
  389           0001        .if 1
  390                             SET_VRAM_ADD2   #$0800
       03:E3C2  A9 08             lda #HIGH (#$0800)
       03:E3C4  8D 06 20      sta $2006
       03:E3C7  A9 00             lda #LOW  (#$0800)
       03:E3C9  8D 06 20          sta $2006
  391  03:E3CC  A9 BF             lda  #FP_COM_LOG
  392  03:E3CE  8D 07 20          sta  $2007
  393                     
  394  03:E3D1  A5 20             lda  <PICO_BUF0         ; com
  395  03:E3D3  8D 07 20          sta  $2007
  396  03:E3D6  A5 21             lda  <PICO_BUF1         ; magic no($FC)
  397  03:E3D8  8D 07 20          sta  $2007
  398  03:E3DB  A5 22             lda  <PICO_BUF2         ; adr L
  399  03:E3DD  8D 07 20          sta  $2007
  400  03:E3E0  A5 23             lda  <PICO_BUF3         ; adr H
  401  03:E3E2  8D 07 20          sta  $2007
  402  03:E3E5  A5 24             lda  <PICO_BUF4         ; size L
  403  03:E3E7  8D 07 20          sta  $2007
  404  03:E3EA  A5 25             lda  <PICO_BUF5         ; size H
  405  03:E3EC  8D 07 20          sta  $2007
  406                      .endif
  407  03:E3EF  4C BC E3          jmp  PICO_COM_WAIT
  408                     
#[1]   PG_main.asm
#[2]   SysNMI.asm
   81                             .include        "SysNMI.asm"
    1                     
    2                     RCV_PICO_BUF    MACRO
    3                             lda  $2007
    4                             sta  <\1 +0
    5                             lda  $2007
    6                             sta  <\1 +1
    7                             lda  $2007
    8                             sta  <\1 +2
    9                             lda  $2007
   10                             sta  <\1 +3
   11                             lda  $2007
   12                             sta  <\1 +4
   13                             lda  $2007
   14                             sta  <\1 +5
   15                             lda  $2007
   16                             sta  <\1 +6
   17                             lda  $2007
   18                             sta  <\1 +7
   19                             ENDM
   20                     
   21                     
   22                     
   23                     ;***************************************
   24                     ; NMI割り込み
   25                     ;***************************************
   26                     
   27  03:E3F2            NMI:
   28  03:E3F2  2C 02 20          bit      $2002
   29  03:E3F5  85 1C             sta  <NMI_SVA
   30                             incw  <SYS_TIMER
       03:E3F7  E6 B5             inc     <SYS_TIMER
       03:E3F9  D0 02             bne     .iend00079
                          
       03:E3FB  E6 B6             inc     <SYS_TIMER + 1
       03:E3FD            .iend00079:
                          
   31  03:E3FD  A5 B3             lda  <NMI_FLG   ;NMI処理中か?
   32  03:E3FF  F0 03             beq  .nmi_ok
   33  03:E401  A5 1C             lda  <NMI_SVA
   34  03:E403  40                rti
   35                     
   36  03:E404            .nmi_ok
   37  03:E404  E6 B3             inc  <NMI_FLG   ;NMI処理中フラグオン
   38  03:E406  86 1D             stx  <NMI_SVX
   39  03:E408  84 1E             sty  <NMI_SVY
   40                     
   41                     
   42                     ; --- NMI メイン処理 --------------
   43                     
   44                     
   45                     ;****************************
   46                     ; ＰＰＵ制御（※ＰＰＵは、垂直帰線期間中に処理を終わらせる）
   47                     ;****************************
   48  03:E40A  20 A9 C4          jsr  transPALLET
   49                     
   50                             SET_VRAM_ADD2 #$0800
       03:E40D  A9 08             lda #HIGH (#$0800)
       03:E40F  8D 06 20      sta $2006
       03:E412  A9 00             lda #LOW  (#$0800)
       03:E414  8D 06 20          sta $2006
   51                             ; PICOからデータ受診
   52  03:E417  AD 07 20          lda  $2007      ;dummy read
   53                     
   54                             RCV_PICO_BUF PICO_BUF0
       03:E41A  AD 07 20          lda  $2007
       03:E41D  85 20             sta  <PICO_BUF0 +0
       03:E41F  AD 07 20          lda  $2007
       03:E422  85 21             sta  <PICO_BUF0 +1
       03:E424  AD 07 20          lda  $2007
       03:E427  85 22             sta  <PICO_BUF0 +2
       03:E429  AD 07 20          lda  $2007
       03:E42C  85 23             sta  <PICO_BUF0 +3
       03:E42E  AD 07 20          lda  $2007
       03:E431  85 24             sta  <PICO_BUF0 +4
       03:E433  AD 07 20          lda  $2007
       03:E436  85 25             sta  <PICO_BUF0 +5
       03:E438  AD 07 20          lda  $2007
       03:E43B  85 26             sta  <PICO_BUF0 +6
       03:E43D  AD 07 20          lda  $2007
       03:E440  85 27             sta  <PICO_BUF0 +7
   55                             RCV_PICO_BUF PICO_BUF8
       03:E442  AD 07 20          lda  $2007
       03:E445  85 28             sta  <PICO_BUF8 +0
       03:E447  AD 07 20          lda  $2007
       03:E44A  85 29             sta  <PICO_BUF8 +1
       03:E44C  AD 07 20          lda  $2007
       03:E44F  85 2A             sta  <PICO_BUF8 +2
       03:E451  AD 07 20          lda  $2007
       03:E454  85 2B             sta  <PICO_BUF8 +3
       03:E456  AD 07 20          lda  $2007
       03:E459  85 2C             sta  <PICO_BUF8 +4
       03:E45B  AD 07 20          lda  $2007
       03:E45E  85 2D             sta  <PICO_BUF8 +5
       03:E460  AD 07 20          lda  $2007
       03:E463  85 2E             sta  <PICO_BUF8 +6
       03:E465  AD 07 20          lda  $2007
       03:E468  85 2F             sta  <PICO_BUF8 +7
   56                             RCV_PICO_BUF PICO_BUF10
       03:E46A  AD 07 20          lda  $2007
       03:E46D  85 30             sta  <PICO_BUF10 +0
       03:E46F  AD 07 20          lda  $2007
       03:E472  85 31             sta  <PICO_BUF10 +1
       03:E474  AD 07 20          lda  $2007
       03:E477  85 32             sta  <PICO_BUF10 +2
       03:E479  AD 07 20          lda  $2007
       03:E47C  85 33             sta  <PICO_BUF10 +3
       03:E47E  AD 07 20          lda  $2007
       03:E481  85 34             sta  <PICO_BUF10 +4
       03:E483  AD 07 20          lda  $2007
       03:E486  85 35             sta  <PICO_BUF10 +5
       03:E488  AD 07 20          lda  $2007
       03:E48B  85 36             sta  <PICO_BUF10 +6
       03:E48D  AD 07 20          lda  $2007
       03:E490  85 37             sta  <PICO_BUF10 +7
   57                             RCV_PICO_BUF PICO_BUF18
       03:E492  AD 07 20          lda  $2007
       03:E495  85 38             sta  <PICO_BUF18 +0
       03:E497  AD 07 20          lda  $2007
       03:E49A  85 39             sta  <PICO_BUF18 +1
       03:E49C  AD 07 20          lda  $2007
       03:E49F  85 3A             sta  <PICO_BUF18 +2
       03:E4A1  AD 07 20          lda  $2007
       03:E4A4  85 3B             sta  <PICO_BUF18 +3
       03:E4A6  AD 07 20          lda  $2007
       03:E4A9  85 3C             sta  <PICO_BUF18 +4
       03:E4AB  AD 07 20          lda  $2007
       03:E4AE  85 3D             sta  <PICO_BUF18 +5
       03:E4B0  AD 07 20          lda  $2007
       03:E4B3  85 3E             sta  <PICO_BUF18 +6
       03:E4B5  AD 07 20          lda  $2007
       03:E4B8  85 3F             sta  <PICO_BUF18 +7
   58                             RCV_PICO_BUF PICO_BUF20
       03:E4BA  AD 07 20          lda  $2007
       03:E4BD  85 40             sta  <PICO_BUF20 +0
       03:E4BF  AD 07 20          lda  $2007
       03:E4C2  85 41             sta  <PICO_BUF20 +1
       03:E4C4  AD 07 20          lda  $2007
       03:E4C7  85 42             sta  <PICO_BUF20 +2
       03:E4C9  AD 07 20          lda  $2007
       03:E4CC  85 43             sta  <PICO_BUF20 +3
       03:E4CE  AD 07 20          lda  $2007
       03:E4D1  85 44             sta  <PICO_BUF20 +4
       03:E4D3  AD 07 20          lda  $2007
       03:E4D6  85 45             sta  <PICO_BUF20 +5
       03:E4D8  AD 07 20          lda  $2007
       03:E4DB  85 46             sta  <PICO_BUF20 +6
       03:E4DD  AD 07 20          lda  $2007
       03:E4E0  85 47             sta  <PICO_BUF20 +7
   59                             RCV_PICO_BUF PICO_BUF28
       03:E4E2  AD 07 20          lda  $2007
       03:E4E5  85 48             sta  <PICO_BUF28 +0
       03:E4E7  AD 07 20          lda  $2007
       03:E4EA  85 49             sta  <PICO_BUF28 +1
       03:E4EC  AD 07 20          lda  $2007
       03:E4EF  85 4A             sta  <PICO_BUF28 +2
       03:E4F1  AD 07 20          lda  $2007
       03:E4F4  85 4B             sta  <PICO_BUF28 +3
       03:E4F6  AD 07 20          lda  $2007
       03:E4F9  85 4C             sta  <PICO_BUF28 +4
       03:E4FB  AD 07 20          lda  $2007
       03:E4FE  85 4D             sta  <PICO_BUF28 +5
       03:E500  AD 07 20          lda  $2007
       03:E503  85 4E             sta  <PICO_BUF28 +6
       03:E505  AD 07 20          lda  $2007
       03:E508  85 4F             sta  <PICO_BUF28 +7
   60                             RCV_PICO_BUF PICO_BUF30
       03:E50A  AD 07 20          lda  $2007
       03:E50D  85 50             sta  <PICO_BUF30 +0
       03:E50F  AD 07 20          lda  $2007
       03:E512  85 51             sta  <PICO_BUF30 +1
       03:E514  AD 07 20          lda  $2007
       03:E517  85 52             sta  <PICO_BUF30 +2
       03:E519  AD 07 20          lda  $2007
       03:E51C  85 53             sta  <PICO_BUF30 +3
       03:E51E  AD 07 20          lda  $2007
       03:E521  85 54             sta  <PICO_BUF30 +4
       03:E523  AD 07 20          lda  $2007
       03:E526  85 55             sta  <PICO_BUF30 +5
       03:E528  AD 07 20          lda  $2007
       03:E52B  85 56             sta  <PICO_BUF30 +6
       03:E52D  AD 07 20          lda  $2007
       03:E530  85 57             sta  <PICO_BUF30 +7
   61                             RCV_PICO_BUF PICO_BUF38
       03:E532  AD 07 20          lda  $2007
       03:E535  85 58             sta  <PICO_BUF38 +0
       03:E537  AD 07 20          lda  $2007
       03:E53A  85 59             sta  <PICO_BUF38 +1
       03:E53C  AD 07 20          lda  $2007
       03:E53F  85 5A             sta  <PICO_BUF38 +2
       03:E541  AD 07 20          lda  $2007
       03:E544  85 5B             sta  <PICO_BUF38 +3
       03:E546  AD 07 20          lda  $2007
       03:E549  85 5C             sta  <PICO_BUF38 +4
       03:E54B  AD 07 20          lda  $2007
       03:E54E  85 5D             sta  <PICO_BUF38 +5
       03:E550  AD 07 20          lda  $2007
       03:E553  85 5E             sta  <PICO_BUF38 +6
       03:E555  AD 07 20          lda  $2007
       03:E558  85 5F             sta  <PICO_BUF38 +7
   62                     
   63                     
   64                             SET_VRAM_ADD2 #$0800
       03:E55A  A9 08             lda #HIGH (#$0800)
       03:E55C  8D 06 20      sta $2006
       03:E55F  A9 00             lda #LOW  (#$0800)
       03:E561  8D 06 20          sta $2006
   65  03:E564  A5 60             lda  <PICO_COM
   66  03:E566  F0 07             beq  .pico00
   67  03:E568  8D 07 20          sta  $2007
   68  03:E56B  A9 00             lda  #0
   69  03:E56D  85 60             sta  <PICO_COM
   70  03:E56F            .pico00
   71  03:E56F  A5 85             lda  <KEY_NEW
   72  03:E571  8D 07 20          sta  $2007
   73                     
   74                     
   75                     
   76                     ;--- ユーザーVRAM書き換え処理 -----
   77  03:E574  A5 BF             lda <NMI_CALL_ADR+1
   78  03:E576  F0 03             beq  .no_usr_nmi
   79  03:E578  20 CD E5          jsr .usr_nmi_sub
   80  03:E57B            .no_usr_nmi
   81                     
   82                     
   83                     
   84  03:E57B  A5 B0             lda     <FLG_2000
   85  03:E57D  8D 00 20          sta      $2000
   86  03:E580  A5 B1             lda     <FLG_2001
   87  03:E582  8D 01 20          sta      $2001
   88                     
   89                     
   90                     ; ＩＲＱ割り込み値設定=============
   91                     ;--- スクロールレジスタ設定 -----
   92  03:E585  A5 94             lda  <BG_SCR_X
   93  03:E587  8D 05 20          sta  $2005
   94  03:E58A  A5 B2             lda  <BG_SCR_Y
   95  03:E58C  C9 EF             cmp  #240 -1
   96  03:E58E  90 02             bcc  .y_set
   97  03:E590  A9 EF             lda  #239
   98  03:E592            .y_set
   99  03:E592  8D 05 20          sta  $2005
  100                     
  101                     
  102  03:E595  A5 8F             lda  <HIRQ_ENA
  103  03:E597  F0 00             beq  .no_irq
  104                     ;@      cli                     ; 割り込み解除
  105                     
  106  03:E599            .no_irq
  107                     
  108  03:E599  AD 08 03          lda  PALFADE_VAL
  109  03:E59C  D0 05             bne  .skip_sp   ; フェード中はスプライト更新停止
  110                     
  111                     ;--- スプライトDMA転送 ----- （※512 clock消費）
  112  03:E59E  A9 02             lda  #2
  113  03:E5A0  8D 14 40          sta  $4014              ;ここに必要
  114  03:E5A3            .skip_sp
  115                     
  116                     
  117                     
  118  03:E5A3  A5 21             lda  <PICO_BUF1
  119  03:E5A5  C9 FC             cmp  #PF_MAGIC_CODE
  120  03:E5A7  F0 06             beq  .PF_COM_OK
  121  03:E5A9  A9 00             lda  #0
  122  03:E5AB  85 22             sta  <PICO_BUF2
  123  03:E5AD  F0 13             beq  .PF_COM_NG
  124  03:E5AF            .PF_COM_OK
  125                     ;       lda  <PICO_BUF0
  126                     ;       beq  .PF_COM_NG
  127                     
  128                             ; サウンドレジスタ書き込み
  129           0000       .if 0
  146                      .endif
  147                     
  148           0001       .if 1
  149  03:E5AF  A2 00             ldx  #0
  150  03:E5B1            .sr_loop
  151  03:E5B1  BC 30 00          ldy  PICO_SNDREG,x
  152  03:E5B4  30 0C             bmi  .sr_end
  153  03:E5B6  E8                inx
  154  03:E5B7  BD 30 00          lda  PICO_SNDREG,x
  155  03:E5BA  E8                inx
  156  03:E5BB  99 00 40          sta  $4000,y
  157  03:E5BE  E0 30             cpx  #$30
  158  03:E5C0  D0 EF             bne  .sr_loop
  159  03:E5C2            .sr_end
  160                     
  161                      .endif
  162                     
  163                     ;       jsr  jobPICO
  164                     
  165                     
  166  03:E5C2            .PF_COM_NG
  167                     
  168                     ;****************************
  169                     ; ＡＰＵ制御（※ＰＰＵ後に処理する）
  170                     ;****************************
  171                     ;       jsr  SOUND_SYSTEM
  172                     
  173                     
  174                     ;****************************
  175                     ; ＮＭＩの最後の最後
  176                     ;****************************
  177  03:E5C2  A4 1E             ldy  <NMI_SVY
  178  03:E5C4  A6 1D             ldx  <NMI_SVX
  179                     
  180  03:E5C6  A9 00             lda  #0         ;NMI処理中のフラグオフ
  181  03:E5C8  85 B3             sta  <NMI_FLG
  182                     
  183  03:E5CA  A5 1C             lda  <NMI_SVA
  184  03:E5CC  40                rti
  185                     
  186  03:E5CD            .usr_nmi_sub
  187  03:E5CD  6C BE 00          jmp [NMI_CALL_ADR]
  188                     
  189                     
  190                     
#[1]   PG_main.asm
   82                     
   83                     ;-------------------------------------------------------------------------------
   84                     ; NMI割り込みエントリ
   85                     ;-------------------------------------------------------------------------------
   86           ED00              ORG     ROM_NMI_ENTRY
   87  03:ED00  4C F2 E3          jmp  NMI
   88                     ;-------------------------------------------------------------------------------
   89                     ; HIRQ割り込みエントリ
   90                     ;-------------------------------------------------------------------------------
   91           EE80              ORG     ROM_IRQ_ENTRY
   92  03:EE80            IRQ_ENTRY:
   93  03:EE80  40                rti
   94                     
   95                     
   96           EF00              ORG     $EF00
   97  03:EF00            MAIN_SETUP:
   98  03:EF00  4C EC C0          jmp  UR_MAIN_SETUP
   99  03:EF03            MAIN_LOOP:
  100  03:EF03  4C F0 C0          jmp  UR_MAIN_LOOP
  101                     
  102           EFF0              ORG     $EFF0
  103  03:EFF0            DB_ROM_VER:
#[2]   dbdate.h
  104                             .INCLUDE        "dbdate.h"
    1  03:EFF0  32 30 32          DB "2026-0205-1239",0 
       03:EFF3  36 2D 30  
       03:EFF6  32 30 35  
       03:EFF9  2D 31 32  
       03:EFFC  33 39 00  
#[1]   PG_main.asm
  105                     
  106           EFFF              ORG     $EFFF
  107  03:EFFF            IS_ROM_ERACE:
  108  03:EFFF  00                db  0                   ; ROMが消去されていたら $FFが格納されている
  109                     ;       db  0xff                ; ROMが消去されていたら $FFが格納されている
  110                     
  111           F000             ORG     $F000
  112                     
  113  03:F000                    .incbin         "bootrom_fixr.bin"
  114                     
  115                     
